Subject,ROI,Cluster,ACW_s,ACW_grand_mean_s,Condition
sub-001,bankssts-lh,1,0.016410614525139665,0.020702728224987303,EO
sub-001,bankssts-rh,1,0.017719972067039107,0.020702728224987303,EO
sub-001,caudalmiddlefrontal-lh,3,0.014708449720670392,0.020702728224987303,EO
sub-001,caudalmiddlefrontal-rh,3,0.0145338687150838,0.020702728224987303,EO
sub-001,cuneus-lh,1,0.031773743016759774,0.020702728224987303,EO
sub-001,cuneus-rh,1,0.0245286312849162,0.020702728224987303,EO
sub-001,frontalpole-lh,3,0.01383554469273743,0.020702728224987303,EO
sub-001,frontalpole-rh,3,0.008336243016759776,0.020702728224987303,EO
sub-001,fusiform-lh,1,0.015232192737430168,0.020702728224987303,EO
sub-001,fusiform-rh,1,0.03129364525139665,0.020702728224987303,EO
sub-001,inferiorparietal-lh,2,0.08825069832402235,0.020702728224987303,EO
sub-001,inferiorparietal-rh,2,0.028456703910614525,0.020702728224987303,EO
sub-001,inferiortemporal-lh,1,0.014010125698324022,0.020702728224987303,EO
sub-001,inferiortemporal-rh,1,0.0167161312849162,0.020702728224987303,EO
sub-001,insula-lh,4,0.009863826815642457,0.020702728224987303,EO
sub-001,insula-rh,4,0.012089734636871508,0.020702728224987303,EO
sub-001,lateraloccipital-lh,1,0.02391759776536313,0.020702728224987303,EO
sub-001,lateraloccipital-rh,1,0.021298882681564244,0.020702728224987303,EO
sub-001,lingual-lh,1,0.02435405027932961,0.020702728224987303,EO
sub-001,lingual-rh,1,0.032341131284916204,0.020702728224987303,EO
sub-001,middletemporal-lh,1,0.015625,0.020702728224987303,EO
sub-001,middletemporal-rh,1,0.01924755586592179,0.020702728224987303,EO
sub-001,parsopercularis-lh,3,0.008859986033519554,0.020702728224987303,EO
sub-001,parsopercularis-rh,3,0.0078125,0.020702728224987303,EO
sub-001,parsorbitalis-lh,3,0.008990921787709497,0.020702728224987303,EO
sub-001,parsorbitalis-rh,3,0.009863826815642457,0.020702728224987303,EO
sub-001,parstriangularis-lh,3,0.00803072625698324,0.020702728224987303,EO
sub-001,parstriangularis-rh,3,0.00803072625698324,0.020702728224987303,EO
sub-001,pericalcarine-lh,1,0.022651885474860335,0.020702728224987303,EO
sub-001,pericalcarine-rh,1,0.03775314245810056,0.020702728224987303,EO
sub-001,posteriorcingulate-lh,2,0.01920391061452514,0.020702728224987303,EO
sub-001,posteriorcingulate-rh,2,0.021037011173184357,0.020702728224987303,EO
sub-001,precentral-lh,3,0.015581354748603352,0.020702728224987303,EO
sub-001,precentral-rh,3,0.015581354748603352,0.020702728224987303,EO
sub-001,precuneus-lh,2,0.02230272346368715,0.020702728224987303,EO
sub-001,precuneus-rh,2,0.029591480446927373,0.020702728224987303,EO
sub-001,rostralmiddlefrontal-lh,3,0.011784217877094973,0.020702728224987303,EO
sub-001,rostralmiddlefrontal-rh,3,0.009034567039106146,0.020702728224987303,EO
sub-001,superiorfrontal-lh,3,0.015799581005586594,0.020702728224987303,EO
sub-001,superiorfrontal-rh,3,0.01937849162011173,0.020702728224987303,EO
sub-001,superiorparietal-lh,2,0.02614350558659218,0.020702728224987303,EO
sub-001,superiorparietal-rh,2,0.0301588687150838,0.020702728224987303,EO
sub-001,supramarginal-lh,2,0.020120460893854747,0.020702728224987303,EO
sub-001,supramarginal-rh,2,0.04866445530726257,0.020702728224987303,EO
sub-002,bankssts-lh,1,0.1000225360576923,0.05630429141171329,EO
sub-002,bankssts-rh,1,0.03594501201923077,0.05630429141171329,EO
sub-002,caudalmiddlefrontal-lh,3,0.1583533653846154,0.05630429141171329,EO
sub-002,caudalmiddlefrontal-rh,3,0.06884765625,0.05630429141171329,EO
sub-002,cuneus-lh,1,0.041165865384615384,0.05630429141171329,EO
sub-002,cuneus-rh,1,0.034104567307692304,0.05630429141171329,EO
sub-002,frontalpole-lh,3,0.03981370192307692,0.05630429141171329,EO
sub-002,frontalpole-rh,3,0.024263822115384616,0.05630429141171329,EO
sub-002,fusiform-lh,1,0.06227463942307692,0.05630429141171329,EO
sub-002,fusiform-rh,1,0.050405649038461536,0.05630429141171329,EO
sub-002,inferiorparietal-lh,2,0.11560997596153846,0.05630429141171329,EO
sub-002,inferiorparietal-rh,2,0.13844651442307693,0.05630429141171329,EO
sub-002,inferiortemporal-lh,1,0.027418870192307692,0.05630429141171329,EO
sub-002,inferiortemporal-rh,1,0.013258713942307692,0.05630429141171329,EO
sub-002,insula-lh,4,0.036245492788461536,0.05630429141171329,EO
sub-002,insula-rh,4,0.01720252403846154,0.05630429141171329,EO
sub-002,lateraloccipital-lh,1,0.06757061298076923,0.05630429141171329,EO
sub-002,lateraloccipital-rh,1,0.038010817307692304,0.05630429141171329,EO
sub-002,lingual-lh,1,0.033841646634615384,0.05630429141171329,EO
sub-002,lingual-rh,1,0.04563551682692308,0.05630429141171329,EO
sub-002,middletemporal-lh,1,0.024752103365384616,0.05630429141171329,EO
sub-002,middletemporal-rh,1,0.05254657451923077,0.05630429141171329,EO
sub-002,parsopercularis-lh,3,0.013897235576923076,0.05630429141171329,EO
sub-002,parsopercularis-rh,3,0.02110877403846154,0.05630429141171329,EO
sub-002,parsorbitalis-lh,3,0.016639122596153848,0.05630429141171329,EO
sub-002,parsorbitalis-rh,3,0.036959134615384616,0.05630429141171329,EO
sub-002,parstriangularis-lh,3,0.024188701923076924,0.05630429141171329,EO
sub-002,parstriangularis-rh,3,0.03925030048076923,0.05630429141171329,EO
sub-002,pericalcarine-lh,1,0.05521334134615385,0.05630429141171329,EO
sub-002,pericalcarine-rh,1,0.09585336538461539,0.05630429141171329,EO
sub-002,posteriorcingulate-lh,2,0.030949519230769232,0.05630429141171329,EO
sub-002,posteriorcingulate-rh,2,0.031174879807692308,0.05630429141171329,EO
sub-002,precentral-lh,3,0.14441856971153846,0.05630429141171329,EO
sub-002,precentral-rh,3,0.031663161057692304,0.05630429141171329,EO
sub-002,precuneus-lh,2,0.11429537259615384,0.05630429141171329,EO
sub-002,precuneus-rh,2,0.056978665865384616,0.05630429141171329,EO
sub-002,rostralmiddlefrontal-lh,3,0.018216646634615384,0.05630429141171329,EO
sub-002,rostralmiddlefrontal-rh,3,0.021935096153846152,0.05630429141171329,EO
sub-002,superiorfrontal-lh,3,0.04514723557692308,0.05630429141171329,EO
sub-002,superiorfrontal-rh,3,0.04758864182692308,0.05630429141171329,EO
sub-002,superiorparietal-lh,2,0.13097205528846154,0.05630429141171329,EO
sub-002,superiorparietal-rh,2,0.07767427884615384,0.05630429141171329,EO
sub-002,supramarginal-lh,2,0.15482271634615385,0.05630429141171329,EO
sub-002,supramarginal-rh,2,0.04270582932692308,0.05630429141171329,EO
sub-004,bankssts-lh,1,0.019134963768115944,0.02119016249451032,EO
sub-004,bankssts-rh,1,0.017361111111111112,0.02119016249451032,EO
sub-004,caudalmiddlefrontal-lh,3,0.028457125603864736,0.02119016249451032,EO
sub-004,caudalmiddlefrontal-rh,3,0.03121225845410628,0.02119016249451032,EO
sub-004,cuneus-lh,1,0.01588919082125604,0.02119016249451032,EO
sub-004,cuneus-rh,1,0.01585144927536232,0.02119016249451032,EO
sub-004,frontalpole-lh,3,0.01585144927536232,0.02119016249451032,EO
sub-004,frontalpole-rh,3,0.01939915458937198,0.02119016249451032,EO
sub-004,fusiform-lh,1,0.016153381642512076,0.02119016249451032,EO
sub-004,fusiform-rh,1,0.028155193236714976,0.02119016249451032,EO
sub-004,inferiorparietal-lh,2,0.025513285024154588,0.02119016249451032,EO
sub-004,inferiorparietal-rh,2,0.0830691425120773,0.02119016249451032,EO
sub-004,inferiortemporal-lh,1,0.01596467391304348,0.02119016249451032,EO
sub-004,inferiortemporal-rh,1,0.01566274154589372,0.02119016249451032,EO
sub-004,insula-lh,4,0.0158137077294686,0.02119016249451032,EO
sub-004,insula-rh,4,0.016040157004830916,0.02119016249451032,EO
sub-004,lateraloccipital-lh,1,0.015625,0.02119016249451032,EO
sub-004,lateraloccipital-rh,1,0.017851751207729468,0.02119016249451032,EO
sub-004,lingual-lh,1,0.022380736714975844,0.02119016249451032,EO
sub-004,lingual-rh,1,0.026645531400966184,0.02119016249451032,EO
sub-004,middletemporal-lh,1,0.01592693236714976,0.02119016249451032,EO
sub-004,middletemporal-rh,1,0.018380132850241544,0.02119016249451032,EO
sub-004,parsopercularis-lh,3,0.020116243961352656,0.02119016249451032,EO
sub-004,parsopercularis-rh,3,0.013209541062801932,0.02119016249451032,EO
sub-004,parsorbitalis-lh,3,0.015247584541062802,0.02119016249451032,EO
sub-004,parsorbitalis-rh,3,0.014983393719806764,0.02119016249451032,EO
sub-004,parstriangularis-lh,3,0.008189915458937198,0.02119016249451032,EO
sub-004,parstriangularis-rh,3,0.012266002415458938,0.02119016249451032,EO
sub-004,pericalcarine-lh,1,0.021890096618357488,0.02119016249451032,EO
sub-004,pericalcarine-rh,1,0.02702294685990338,0.02119016249451032,EO
sub-004,posteriorcingulate-lh,2,0.021701388888888888,0.02119016249451032,EO
sub-004,posteriorcingulate-rh,2,0.022607185990338164,0.02119016249451032,EO
sub-004,precentral-lh,3,0.0196256038647343,0.02119016249451032,EO
sub-004,precentral-rh,3,0.021663647342995168,0.02119016249451032,EO
sub-004,precuneus-lh,2,0.01921044685990338,0.02119016249451032,EO
sub-004,precuneus-rh,2,0.0198143115942029,0.02119016249451032,EO
sub-004,rostralmiddlefrontal-lh,3,0.015285326086956522,0.02119016249451032,EO
sub-004,rostralmiddlefrontal-rh,3,0.01551177536231884,0.02119016249451032,EO
sub-004,superiorfrontal-lh,3,0.020833333333333332,0.02119016249451032,EO
sub-004,superiorfrontal-rh,3,0.05234752415458937,0.02119016249451032,EO
sub-004,superiorparietal-lh,2,0.017625301932367148,0.02119016249451032,EO
sub-004,superiorparietal-rh,2,0.020984299516908212,0.02119016249451032,EO
sub-004,supramarginal-lh,2,0.01570048309178744,0.02119016249451032,EO
sub-004,supramarginal-rh,2,0.020191727053140096,0.02119016249451032,EO
sub-005,bankssts-lh,1,0.06736865942028986,0.04884956906016689,EO
sub-005,bankssts-rh,1,0.0848052536231884,0.04884956906016689,EO
sub-005,caudalmiddlefrontal-lh,3,0.08597524154589371,0.04884956906016689,EO
sub-005,caudalmiddlefrontal-rh,3,0.0899381038647343,0.04884956906016689,EO
sub-005,cuneus-lh,1,0.035816727053140096,0.04884956906016689,EO
sub-005,cuneus-rh,1,0.03147644927536232,0.04884956906016689,EO
sub-005,frontalpole-lh,3,0.04087409420289855,0.04884956906016689,EO
sub-005,frontalpole-rh,3,0.024494263285024156,0.04884956906016689,EO
sub-005,fusiform-lh,1,0.03253321256038647,0.04884956906016689,EO
sub-005,fusiform-rh,1,0.041704408212560384,0.04884956906016689,EO
sub-005,inferiorparietal-lh,2,0.0640096618357488,0.04884956906016689,EO
sub-005,inferiorparietal-rh,2,0.08337107487922706,0.04884956906016689,EO
sub-005,inferiortemporal-lh,1,0.04510114734299517,0.04884956906016689,EO
sub-005,inferiortemporal-rh,1,0.059669384057971016,0.04884956906016689,EO
sub-005,insula-lh,4,0.022644927536231884,0.04884956906016689,EO
sub-005,insula-rh,4,0.02351298309178744,0.04884956906016689,EO
sub-005,lateraloccipital-lh,1,0.03725090579710145,0.04884956906016689,EO
sub-005,lateraloccipital-rh,1,0.033778683574879224,0.04884956906016689,EO
sub-005,lingual-lh,1,0.058499396135265704,0.04884956906016689,EO
sub-005,lingual-rh,1,0.059744867149758456,0.04884956906016689,EO
sub-005,middletemporal-lh,1,0.03793025362318841,0.04884956906016689,EO
sub-005,middletemporal-rh,1,0.03147644927536232,0.04884956906016689,EO
sub-005,parsopercularis-lh,3,0.02332427536231884,0.04884956906016689,EO
sub-005,parsopercularis-rh,3,0.04011926328502415,0.04884956906016689,EO
sub-005,parsorbitalis-lh,3,0.030155495169082124,0.04884956906016689,EO
sub-005,parsorbitalis-rh,3,0.030042270531400968,0.04884956906016689,EO
sub-005,parstriangularis-lh,3,0.025060386473429952,0.04884956906016689,EO
sub-005,parstriangularis-rh,3,0.04740338164251208,0.04884956906016689,EO
sub-005,pericalcarine-lh,1,0.05540458937198068,0.04884956906016689,EO
sub-005,pericalcarine-rh,1,0.05446105072463768,0.04884956906016689,EO
sub-005,posteriorcingulate-lh,2,0.03725090579710145,0.04884956906016689,EO
sub-005,posteriorcingulate-rh,2,0.034156099033816424,0.04884956906016689,EO
sub-005,precentral-lh,3,0.05404589371980676,0.04884956906016689,EO
sub-005,precentral-rh,3,0.043214070048309176,0.04884956906016689,EO
sub-005,precuneus-lh,2,0.036005434782608696,0.04884956906016689,EO
sub-005,precuneus-rh,2,0.05291364734299517,0.04884956906016689,EO
sub-005,rostralmiddlefrontal-lh,3,0.034759963768115944,0.04884956906016689,EO
sub-005,rostralmiddlefrontal-rh,3,0.0474411231884058,0.04884956906016689,EO
sub-005,superiorfrontal-lh,3,0.029400664251207728,0.04884956906016689,EO
sub-005,superiorfrontal-rh,3,0.06314160628019323,0.04884956906016689,EO
sub-005,superiorparietal-lh,2,0.05649909420289855,0.04884956906016689,EO
sub-005,superiorparietal-rh,2,0.06868961352657005,0.04884956906016689,EO
sub-005,supramarginal-lh,2,0.08831521739130435,0.04884956906016689,EO
sub-005,supramarginal-rh,2,0.10560084541062802,0.04884956906016689,EO
sub-006,bankssts-lh,1,0.06485279922779923,0.05562121577746578,EO
sub-006,bankssts-rh,1,0.07040299227799228,0.05562121577746578,EO
sub-006,caudalmiddlefrontal-lh,3,0.1491916023166023,0.05562121577746578,EO
sub-006,caudalmiddlefrontal-rh,3,0.05471766409266409,0.05562121577746578,EO
sub-006,cuneus-lh,1,0.07899975868725868,0.05562121577746578,EO
sub-006,cuneus-rh,1,0.05833735521235521,0.05562121577746578,EO
sub-006,frontalpole-lh,3,0.055984555984555984,0.05562121577746578,EO
sub-006,frontalpole-rh,3,0.048081563706563704,0.05562121577746578,EO
sub-006,fusiform-lh,1,0.06699444980694981,0.05562121577746578,EO
sub-006,fusiform-rh,1,0.041626447876447877,0.05562121577746578,EO
sub-006,inferiorparietal-lh,2,0.07260497104247104,0.05562121577746578,EO
sub-006,inferiorparietal-rh,2,0.06376689189189189,0.05562121577746578,EO
sub-006,inferiortemporal-lh,1,0.04120415057915058,0.05562121577746578,EO
sub-006,inferiortemporal-rh,1,0.032878861003861004,0.05562121577746578,EO
sub-006,insula-lh,4,0.06765805984555985,0.05562121577746578,EO
sub-006,insula-rh,4,0.05420487451737452,0.05562121577746578,EO
sub-006,lateraloccipital-lh,1,0.07287644787644787,0.05562121577746578,EO
sub-006,lateraloccipital-rh,1,0.03363296332046332,0.05562121577746578,EO
sub-006,lingual-lh,1,0.03921332046332046,0.05562121577746578,EO
sub-006,lingual-rh,1,0.0390625,0.05562121577746578,EO
sub-006,middletemporal-lh,1,0.0571609555984556,0.05562121577746578,EO
sub-006,middletemporal-rh,1,0.04174710424710425,0.05562121577746578,EO
sub-006,parsopercularis-lh,3,0.10711269305019305,0.05562121577746578,EO
sub-006,parsopercularis-rh,3,0.03882118725868726,0.05562121577746578,EO
sub-006,parsorbitalis-lh,3,0.057462596525096526,0.05562121577746578,EO
sub-006,parsorbitalis-rh,3,0.022894546332046333,0.05562121577746578,EO
sub-006,parstriangularis-lh,3,0.060629826254826255,0.05562121577746578,EO
sub-006,parstriangularis-rh,3,0.015293194980694981,0.05562121577746578,EO
sub-006,pericalcarine-lh,1,0.04847369691119691,0.05562121577746578,EO
sub-006,pericalcarine-rh,1,0.029711631274131275,0.05562121577746578,EO
sub-006,posteriorcingulate-lh,2,0.04219956563706564,0.05562121577746578,EO
sub-006,posteriorcingulate-rh,2,0.036317567567567564,0.05562121577746578,EO
sub-006,precentral-lh,3,0.08617881274131274,0.05562121577746578,EO
sub-006,precentral-rh,3,0.046875,0.05562121577746578,EO
sub-006,precuneus-lh,2,0.044944498069498066,0.05562121577746578,EO
sub-006,precuneus-rh,2,0.033331322393822395,0.05562121577746578,EO
sub-006,rostralmiddlefrontal-lh,3,0.0390625,0.05562121577746578,EO
sub-006,rostralmiddlefrontal-rh,3,0.06165540540540541,0.05562121577746578,EO
sub-006,superiorfrontal-lh,3,0.05052485521235521,0.05562121577746578,EO
sub-006,superiorfrontal-rh,3,0.06183638996138996,0.05562121577746578,EO
sub-006,superiorparietal-lh,2,0.048081563706563704,0.05562121577746578,EO
sub-006,superiorparietal-rh,2,0.05004222972972973,0.05562121577746578,EO
sub-006,supramarginal-lh,2,0.06228885135135135,0.05562121577746578,EO
sub-006,supramarginal-rh,2,0.09839527027027027,0.05562121577746578,EO
sub-007,bankssts-lh,1,0.0116015625,0.01642578125,EO
sub-007,bankssts-rh,1,0.0178515625,0.01642578125,EO
sub-007,caudalmiddlefrontal-lh,3,0.030546875,0.01642578125,EO
sub-007,caudalmiddlefrontal-rh,3,0.01796875,0.01642578125,EO
sub-007,cuneus-lh,1,0.0160546875,0.01642578125,EO
sub-007,cuneus-rh,1,0.0161328125,0.01642578125,EO
sub-007,frontalpole-lh,3,0.0144140625,0.01642578125,EO
sub-007,frontalpole-rh,3,0.0104296875,0.01642578125,EO
sub-007,fusiform-lh,1,0.008046875,0.01642578125,EO
sub-007,fusiform-rh,1,0.0347265625,0.01642578125,EO
sub-007,inferiorparietal-lh,2,0.0209375,0.01642578125,EO
sub-007,inferiorparietal-rh,2,0.01609375,0.01642578125,EO
sub-007,inferiortemporal-lh,1,0.0078125,0.01642578125,EO
sub-007,inferiortemporal-rh,1,0.008203125,0.01642578125,EO
sub-007,insula-lh,4,0.0080859375,0.01642578125,EO
sub-007,insula-rh,4,0.01375,0.01642578125,EO
sub-007,lateraloccipital-lh,1,0.0155859375,0.01642578125,EO
sub-007,lateraloccipital-rh,1,0.0160546875,0.01642578125,EO
sub-007,lingual-lh,1,0.016171875,0.01642578125,EO
sub-007,lingual-rh,1,0.0166015625,0.01642578125,EO
sub-007,middletemporal-lh,1,0.0115234375,0.01642578125,EO
sub-007,middletemporal-rh,1,0.0209375,0.01642578125,EO
sub-007,parsopercularis-lh,3,0.0100390625,0.01642578125,EO
sub-007,parsopercularis-rh,3,0.0119140625,0.01642578125,EO
sub-007,parsorbitalis-lh,3,0.0080078125,0.01642578125,EO
sub-007,parsorbitalis-rh,3,0.0145703125,0.01642578125,EO
sub-007,parstriangularis-lh,3,0.008046875,0.01642578125,EO
sub-007,parstriangularis-rh,3,0.00921875,0.01642578125,EO
sub-007,pericalcarine-lh,1,0.018984375,0.01642578125,EO
sub-007,pericalcarine-rh,1,0.01671875,0.01642578125,EO
sub-007,posteriorcingulate-lh,2,0.0198828125,0.01642578125,EO
sub-007,posteriorcingulate-rh,2,0.0200390625,0.01642578125,EO
sub-007,precentral-lh,3,0.0267578125,0.01642578125,EO
sub-007,precentral-rh,3,0.01765625,0.01642578125,EO
sub-007,precuneus-lh,2,0.02484375,0.01642578125,EO
sub-007,precuneus-rh,2,0.01796875,0.01642578125,EO
sub-007,rostralmiddlefrontal-lh,3,0.0129296875,0.01642578125,EO
sub-007,rostralmiddlefrontal-rh,3,0.00890625,0.01642578125,EO
sub-007,superiorfrontal-lh,3,0.0213671875,0.01642578125,EO
sub-007,superiorfrontal-rh,3,0.0251171875,0.01642578125,EO
sub-007,superiorparietal-lh,2,0.0231640625,0.01642578125,EO
sub-007,superiorparietal-rh,2,0.019375,0.01642578125,EO
sub-007,supramarginal-lh,2,0.015390625,0.01642578125,EO
sub-007,supramarginal-rh,2,0.0223046875,0.01642578125,EO
sub-008,bankssts-lh,1,0.05275297619047619,0.04166074810606061,EO
sub-008,bankssts-rh,1,0.09215029761904762,0.04166074810606061,EO
sub-008,caudalmiddlefrontal-lh,3,0.017299107142857144,0.04166074810606061,EO
sub-008,caudalmiddlefrontal-rh,3,0.07377232142857143,0.04166074810606061,EO
sub-008,cuneus-lh,1,0.02340029761904762,0.04166074810606061,EO
sub-008,cuneus-rh,1,0.019903273809523808,0.04166074810606061,EO
sub-008,frontalpole-lh,3,0.03716517857142857,0.04166074810606061,EO
sub-008,frontalpole-rh,3,0.04326636904761905,0.04166074810606061,EO
sub-008,fusiform-lh,1,0.01960565476190476,0.04166074810606061,EO
sub-008,fusiform-rh,1,0.03936011904761905,0.04166074810606061,EO
sub-008,inferiorparietal-lh,2,0.05137648809523809,0.04166074810606061,EO
sub-008,inferiorparietal-rh,2,0.05710565476190476,0.04166074810606061,EO
sub-008,inferiortemporal-lh,1,0.021986607142857145,0.04166074810606061,EO
sub-008,inferiortemporal-rh,1,0.03723958333333333,0.04166074810606061,EO
sub-008,insula-lh,4,0.015625,0.04166074810606061,EO
sub-008,insula-rh,4,0.027046130952380953,0.04166074810606061,EO
sub-008,lateraloccipital-lh,1,0.07860863095238095,0.04166074810606061,EO
sub-008,lateraloccipital-rh,1,0.019270833333333334,0.04166074810606061,EO
sub-008,lingual-lh,1,0.029613095238095237,0.04166074810606061,EO
sub-008,lingual-rh,1,0.029575892857142856,0.04166074810606061,EO
sub-008,middletemporal-lh,1,0.03043154761904762,0.04166074810606061,EO
sub-008,middletemporal-rh,1,0.050148809523809526,0.04166074810606061,EO
sub-008,parsopercularis-lh,3,0.030357142857142857,0.04166074810606061,EO
sub-008,parsopercularis-rh,3,0.1562872023809524,0.04166074810606061,EO
sub-008,parsorbitalis-lh,3,0.035379464285714285,0.04166074810606061,EO
sub-008,parsorbitalis-rh,3,0.041666666666666664,0.04166074810606061,EO
sub-008,parstriangularis-lh,3,0.017819940476190475,0.04166074810606061,EO
sub-008,parstriangularis-rh,3,0.09970238095238096,0.04166074810606061,EO
sub-008,pericalcarine-lh,1,0.030133928571428572,0.04166074810606061,EO
sub-008,pericalcarine-rh,1,0.03009672619047619,0.04166074810606061,EO
sub-008,posteriorcingulate-lh,2,0.020424107142857143,0.04166074810606061,EO
sub-008,posteriorcingulate-rh,2,0.020572916666666666,0.04166074810606061,EO
sub-008,precentral-lh,3,0.02261904761904762,0.04166074810606061,EO
sub-008,precentral-rh,3,0.04341517857142857,0.04166074810606061,EO
sub-008,precuneus-lh,2,0.025744047619047618,0.04166074810606061,EO
sub-008,precuneus-rh,2,0.025,0.04166074810606061,EO
sub-008,rostralmiddlefrontal-lh,3,0.02853422619047619,0.04166074810606061,EO
sub-008,rostralmiddlefrontal-rh,3,0.04546130952380952,0.04166074810606061,EO
sub-008,superiorfrontal-lh,3,0.033370535714285714,0.04166074810606061,EO
sub-008,superiorfrontal-rh,3,0.05357142857142857,0.04166074810606061,EO
sub-008,superiorparietal-lh,2,0.04334077380952381,0.04166074810606061,EO
sub-008,superiorparietal-rh,2,0.04215029761904762,0.04166074810606061,EO
sub-008,supramarginal-lh,2,0.025186011904761905,0.04166074810606061,EO
sub-008,supramarginal-rh,2,0.09553571428571428,0.04166074810606061,EO
sub-009,bankssts-lh,1,0.04293118990384615,0.04660439657998252,EO
sub-009,bankssts-rh,1,0.06325120192307693,0.04660439657998252,EO
sub-009,caudalmiddlefrontal-lh,3,0.06336388221153846,0.04660439657998252,EO
sub-009,caudalmiddlefrontal-rh,3,0.09329927884615384,0.04660439657998252,EO
sub-009,cuneus-lh,1,0.030536358173076924,0.04660439657998252,EO
sub-009,cuneus-rh,1,0.023587740384615384,0.04660439657998252,EO
sub-009,frontalpole-lh,3,0.10404146634615384,0.04660439657998252,EO
sub-009,frontalpole-rh,3,0.07027493990384616,0.04660439657998252,EO
sub-009,fusiform-lh,1,0.027043269230769232,0.04660439657998252,EO
sub-009,fusiform-rh,1,0.029522235576923076,0.04660439657998252,EO
sub-009,inferiorparietal-lh,2,0.05472506009615385,0.04660439657998252,EO
sub-009,inferiorparietal-rh,2,0.0786884014423077,0.04660439657998252,EO
sub-009,inferiortemporal-lh,1,0.019268329326923076,0.04660439657998252,EO
sub-009,inferiortemporal-rh,1,0.03883713942307692,0.04660439657998252,EO
sub-009,insula-lh,4,0.019268329326923076,0.04660439657998252,EO
sub-009,insula-rh,4,0.03155048076923077,0.04660439657998252,EO
sub-009,lateraloccipital-lh,1,0.030573918269230768,0.04660439657998252,EO
sub-009,lateraloccipital-rh,1,0.021334134615384616,0.04660439657998252,EO
sub-009,lingual-lh,1,0.05198317307692308,0.04660439657998252,EO
sub-009,lingual-rh,1,0.058255709134615384,0.04660439657998252,EO
sub-009,middletemporal-lh,1,0.031212439903846152,0.04660439657998252,EO
sub-009,middletemporal-rh,1,0.039400540865384616,0.04660439657998252,EO
sub-009,parsopercularis-lh,3,0.03594501201923077,0.04660439657998252,EO
sub-009,parsopercularis-rh,3,0.07515775240384616,0.04660439657998252,EO
sub-009,parsorbitalis-lh,3,0.041654146634615384,0.04660439657998252,EO
sub-009,parsorbitalis-rh,3,0.05611478365384615,0.04660439657998252,EO
sub-009,parstriangularis-lh,3,0.035531850961538464,0.04660439657998252,EO
sub-009,parstriangularis-rh,3,0.06711989182692307,0.04660439657998252,EO
sub-009,pericalcarine-lh,1,0.06009615384615385,0.04660439657998252,EO
sub-009,pericalcarine-rh,1,0.049203725961538464,0.04660439657998252,EO
sub-009,posteriorcingulate-lh,2,0.024000901442307692,0.04660439657998252,EO
sub-009,posteriorcingulate-rh,2,0.02403846153846154,0.04660439657998252,EO
sub-009,precentral-lh,3,0.03981370192307692,0.04660439657998252,EO
sub-009,precentral-rh,3,0.056640625,0.04660439657998252,EO
sub-009,precuneus-lh,2,0.03958834134615385,0.04660439657998252,EO
sub-009,precuneus-rh,2,0.018892728365384616,0.04660439657998252,EO
sub-009,rostralmiddlefrontal-lh,3,0.032827524038461536,0.04660439657998252,EO
sub-009,rostralmiddlefrontal-rh,3,0.09085787259615384,0.04660439657998252,EO
sub-009,superiorfrontal-lh,3,0.051194411057692304,0.04660439657998252,EO
sub-009,superiorfrontal-rh,3,0.0957782451923077,0.04660439657998252,EO
sub-009,superiorparietal-lh,2,0.048753004807692304,0.04660439657998252,EO
sub-009,superiorparietal-rh,2,0.03496844951923077,0.04660439657998252,EO
sub-009,supramarginal-lh,2,0.024076021634615384,0.04660439657998252,EO
sub-009,supramarginal-rh,2,0.025390625,0.04660439657998252,EO
sub-010,bankssts-lh,1,0.021852355072463768,0.028422815107597716,EO
sub-010,bankssts-rh,1,0.01358695652173913,0.028422815107597716,EO
sub-010,caudalmiddlefrontal-lh,3,0.024833937198067632,0.028422815107597716,EO
sub-010,caudalmiddlefrontal-rh,3,0.1211881038647343,0.028422815107597716,EO
sub-010,cuneus-lh,1,0.02370169082125604,0.028422815107597716,EO
sub-010,cuneus-rh,1,0.017096920289855072,0.028422815107597716,EO
sub-010,frontalpole-lh,3,0.012039553140096618,0.028422815107597716,EO
sub-010,frontalpole-rh,3,0.013926630434782608,0.028422815107597716,EO
sub-010,fusiform-lh,1,0.013398248792270532,0.028422815107597716,EO
sub-010,fusiform-rh,1,0.024343297101449276,0.028422815107597716,EO
sub-010,inferiorparietal-lh,2,0.060122282608695655,0.028422815107597716,EO
sub-010,inferiorparietal-rh,2,0.05476298309178744,0.028422815107597716,EO
sub-010,inferiortemporal-lh,1,0.01351147342995169,0.028422815107597716,EO
sub-010,inferiortemporal-rh,1,0.013058574879227054,0.028422815107597716,EO
sub-010,insula-lh,4,0.014228562801932368,0.028422815107597716,EO
sub-010,insula-rh,4,0.01936141304347826,0.028422815107597716,EO
sub-010,lateraloccipital-lh,1,0.017096920289855072,0.028422815107597716,EO
sub-010,lateraloccipital-rh,1,0.018493357487922704,0.028422815107597716,EO
sub-010,lingual-lh,1,0.021739130434782608,0.028422815107597716,EO
sub-010,lingual-rh,1,0.022607185990338164,0.028422815107597716,EO
sub-010,middletemporal-lh,1,0.01966334541062802,0.028422815107597716,EO
sub-010,middletemporal-rh,1,0.018644323671497584,0.028422815107597716,EO
sub-010,parsopercularis-lh,3,0.014530495169082126,0.028422815107597716,EO
sub-010,parsopercularis-rh,3,0.014455012077294686,0.028422815107597716,EO
sub-010,parsorbitalis-lh,3,0.01358695652173913,0.028422815107597716,EO
sub-010,parsorbitalis-rh,3,0.012001811594202898,0.028422815107597716,EO
sub-010,parstriangularis-lh,3,0.010152475845410628,0.028422815107597716,EO
sub-010,parstriangularis-rh,3,0.012379227053140096,0.028422815107597716,EO
sub-010,pericalcarine-lh,1,0.018719806763285024,0.028422815107597716,EO
sub-010,pericalcarine-rh,1,0.030193236714975844,0.028422815107597716,EO
sub-010,posteriorcingulate-lh,2,0.024230072463768116,0.028422815107597716,EO
sub-010,posteriorcingulate-rh,2,0.022720410628019324,0.028422815107597716,EO
sub-010,precentral-lh,3,0.06102807971014493,0.028422815107597716,EO
sub-010,precentral-rh,3,0.04566727053140097,0.028422815107597716,EO
sub-010,precuneus-lh,2,0.028117451690821256,0.028422815107597716,EO
sub-010,precuneus-rh,2,0.026947463768115944,0.028422815107597716,EO
sub-010,rostralmiddlefrontal-lh,3,0.018833031400966184,0.028422815107597716,EO
sub-010,rostralmiddlefrontal-rh,3,0.010265700483091788,0.028422815107597716,EO
sub-010,superiorfrontal-lh,3,0.028041968599033816,0.028422815107597716,EO
sub-010,superiorfrontal-rh,3,0.07401117149758454,0.028422815107597716,EO
sub-010,superiorparietal-lh,2,0.030721618357487924,0.028422815107597716,EO
sub-010,superiorparietal-rh,2,0.0546875,0.028422815107597716,EO
sub-010,supramarginal-lh,2,0.08291817632850242,0.028422815107597716,EO
sub-010,supramarginal-rh,2,0.03713768115942029,0.028422815107597716,EO
sub-011,bankssts-lh,1,0.03272192028985507,0.03472822655906895,EO
sub-011,bankssts-rh,1,0.018682065217391304,0.03472822655906895,EO
sub-011,caudalmiddlefrontal-lh,3,0.06321708937198067,0.03472822655906895,EO
sub-011,caudalmiddlefrontal-rh,3,0.04676177536231884,0.03472822655906895,EO
sub-011,cuneus-lh,1,0.021588164251207728,0.03472822655906895,EO
sub-011,cuneus-rh,1,0.016983695652173912,0.03472822655906895,EO
sub-011,frontalpole-lh,3,0.01936141304347826,0.03472822655906895,EO
sub-011,frontalpole-rh,3,0.018870772946859904,0.03472822655906895,EO
sub-011,fusiform-lh,1,0.030080012077294684,0.03472822655906895,EO
sub-011,fusiform-rh,1,0.0236262077294686,0.03472822655906895,EO
sub-011,inferiorparietal-lh,2,0.10514794685990338,0.03472822655906895,EO
sub-011,inferiorparietal-rh,2,0.08148399758454106,0.03472822655906895,EO
sub-011,inferiortemporal-lh,1,0.03676026570048309,0.03472822655906895,EO
sub-011,inferiortemporal-rh,1,0.017096920289855072,0.03472822655906895,EO
sub-011,insula-lh,4,0.018191425120772948,0.03472822655906895,EO
sub-011,insula-rh,4,0.016304347826086956,0.03472822655906895,EO
sub-011,lateraloccipital-lh,1,0.02702294685990338,0.03472822655906895,EO
sub-011,lateraloccipital-rh,1,0.016266606280193236,0.03472822655906895,EO
sub-011,lingual-lh,1,0.035665760869565216,0.03472822655906895,EO
sub-011,lingual-rh,1,0.029174214975845412,0.03472822655906895,EO
sub-011,middletemporal-lh,1,0.03826992753623189,0.03472822655906895,EO
sub-011,middletemporal-rh,1,0.024192330917874396,0.03472822655906895,EO
sub-011,parsopercularis-lh,3,0.03698671497584541,0.03472822655906895,EO
sub-011,parsopercularis-rh,3,0.011926328502415458,0.03472822655906895,EO
sub-011,parsorbitalis-lh,3,0.028683574879227052,0.03472822655906895,EO
sub-011,parsorbitalis-rh,3,0.009057971014492754,0.03472822655906895,EO
sub-011,parstriangularis-lh,3,0.025324577294685992,0.03472822655906895,EO
sub-011,parstriangularis-rh,3,0.008793780193236714,0.03472822655906895,EO
sub-011,pericalcarine-lh,1,0.03313707729468599,0.03472822655906895,EO
sub-011,pericalcarine-rh,1,0.03238224637681159,0.03472822655906895,EO
sub-011,posteriorcingulate-lh,2,0.024192330917874396,0.03472822655906895,EO
sub-011,posteriorcingulate-rh,2,0.021776871980676328,0.03472822655906895,EO
sub-011,precentral-lh,3,0.024947161835748792,0.03472822655906895,EO
sub-011,precentral-rh,3,0.03853411835748792,0.03472822655906895,EO
sub-011,precuneus-lh,2,0.035854468599033816,0.03472822655906895,EO
sub-011,precuneus-rh,2,0.043025362318840576,0.03472822655906895,EO
sub-011,rostralmiddlefrontal-lh,3,0.029136473429951692,0.03472822655906895,EO
sub-011,rostralmiddlefrontal-rh,3,0.016040157004830916,0.03472822655906895,EO
sub-011,superiorfrontal-lh,3,0.01973882850241546,0.03472822655906895,EO
sub-011,superiorfrontal-rh,3,0.03109903381642512,0.03472822655906895,EO
sub-011,superiorparietal-lh,2,0.036571557971014496,0.03472822655906895,EO
sub-011,superiorparietal-rh,2,0.06031099033816425,0.03472822655906895,EO
sub-011,supramarginal-lh,2,0.09510869565217392,0.03472822655906895,EO
sub-011,supramarginal-rh,2,0.12794384057971014,0.03472822655906895,EO
sub-012,bankssts-lh,1,0.10677083333333333,0.04538249341238472,EO
sub-012,bankssts-rh,1,0.042987620772946857,0.04538249341238472,EO
sub-012,caudalmiddlefrontal-lh,3,0.07461503623188406,0.04538249341238472,EO
sub-012,caudalmiddlefrontal-rh,3,0.07933272946859904,0.04538249341238472,EO
sub-012,cuneus-lh,1,0.059782608695652176,0.04538249341238472,EO
sub-012,cuneus-rh,1,0.036005434782608696,0.04538249341238472,EO
sub-012,frontalpole-lh,3,0.011058272946859904,0.04538249341238472,EO
sub-012,frontalpole-rh,3,0.009435386473429952,0.04538249341238472,EO
sub-012,fusiform-lh,1,0.042534722222222224,0.04538249341238472,EO
sub-012,fusiform-rh,1,0.030721618357487924,0.04538249341238472,EO
sub-012,inferiorparietal-lh,2,0.16587409420289856,0.04538249341238472,EO
sub-012,inferiorparietal-rh,2,0.12277324879227053,0.04538249341238472,EO
sub-012,inferiortemporal-lh,1,0.021210748792270532,0.04538249341238472,EO
sub-012,inferiortemporal-rh,1,0.024645229468599032,0.04538249341238472,EO
sub-012,insula-lh,4,0.020908816425120772,0.04538249341238472,EO
sub-012,insula-rh,4,0.014756944444444444,0.04538249341238472,EO
sub-012,lateraloccipital-lh,1,0.0628774154589372,0.04538249341238472,EO
sub-012,lateraloccipital-rh,1,0.028947765700483092,0.04538249341238472,EO
sub-012,lingual-lh,1,0.03253321256038647,0.04538249341238472,EO
sub-012,lingual-rh,1,0.024192330917874396,0.04538249341238472,EO
sub-012,middletemporal-lh,1,0.033816425120772944,0.04538249341238472,EO
sub-012,middletemporal-rh,1,0.026419082125603864,0.04538249341238472,EO
sub-012,parsopercularis-lh,3,0.043440519323671496,0.04538249341238472,EO
sub-012,parsopercularis-rh,3,0.009510869565217392,0.04538249341238472,EO
sub-012,parsorbitalis-lh,3,0.019021739130434784,0.04538249341238472,EO
sub-012,parsorbitalis-rh,3,0.008189915458937198,0.04538249341238472,EO
sub-012,parstriangularis-lh,3,0.010303442028985508,0.04538249341238472,EO
sub-012,parstriangularis-rh,3,0.008038949275362318,0.04538249341238472,EO
sub-012,pericalcarine-lh,1,0.043780193236714976,0.04538249341238472,EO
sub-012,pericalcarine-rh,1,0.029929045893719808,0.04538249341238472,EO
sub-012,posteriorcingulate-lh,2,0.018191425120772948,0.04538249341238472,EO
sub-012,posteriorcingulate-rh,2,0.023022342995169084,0.04538249341238472,EO
sub-012,precentral-lh,3,0.09016455314009662,0.04538249341238472,EO
sub-012,precentral-rh,3,0.04593146135265701,0.04538249341238472,EO
sub-012,precuneus-lh,2,0.05457427536231884,0.04538249341238472,EO
sub-012,precuneus-rh,2,0.028796799516908212,0.04538249341238472,EO
sub-012,rostralmiddlefrontal-lh,3,0.013435990338164252,0.04538249341238472,EO
sub-012,rostralmiddlefrontal-rh,3,0.011171497584541062,0.04538249341238472,EO
sub-012,superiorfrontal-lh,3,0.050158514492753624,0.04538249341238472,EO
sub-012,superiorfrontal-rh,3,0.08722071256038648,0.04538249341238472,EO
sub-012,superiorparietal-lh,2,0.09578804347826086,0.04538249341238472,EO
sub-012,superiorparietal-rh,2,0.051026570048309176,0.04538249341238472,EO
sub-012,supramarginal-lh,2,0.11737620772946859,0.04538249341238472,EO
sub-012,supramarginal-rh,2,0.06555706521739131,0.04538249341238472,EO
sub-013,bankssts-lh,1,0.022154287439613528,0.05844192605401845,EO
sub-013,bankssts-rh,1,0.06495320048309179,0.05844192605401845,EO
sub-013,caudalmiddlefrontal-lh,3,0.1779513888888889,0.05844192605401845,EO
sub-013,caudalmiddlefrontal-rh,3,0.11907457729468598,0.05844192605401845,EO
sub-013,cuneus-lh,1,0.059895833333333336,0.05844192605401845,EO
sub-013,cuneus-rh,1,0.043289553140096616,0.05844192605401845,EO
sub-013,frontalpole-lh,3,0.009548611111111112,0.05844192605401845,EO
sub-013,frontalpole-rh,3,0.00962409420289855,0.05844192605401845,EO
sub-013,fusiform-lh,1,0.04102506038647343,0.05844192605401845,EO
sub-013,fusiform-rh,1,0.03721316425120773,0.05844192605401845,EO
sub-013,inferiorparietal-lh,2,0.08359752415458938,0.05844192605401845,EO
sub-013,inferiorparietal-rh,2,0.07778532608695653,0.05844192605401845,EO
sub-013,inferiortemporal-lh,1,0.04910175120772947,0.05844192605401845,EO
sub-013,inferiortemporal-rh,1,0.034005132850241544,0.05844192605401845,EO
sub-013,insula-lh,4,0.049441425120772944,0.05844192605401845,EO
sub-013,insula-rh,4,0.026268115942028984,0.05844192605401845,EO
sub-013,lateraloccipital-lh,1,0.05234752415458937,0.05844192605401845,EO
sub-013,lateraloccipital-rh,1,0.042421497584541064,0.05844192605401845,EO
sub-013,lingual-lh,1,0.051328502415458936,0.05844192605401845,EO
sub-013,lingual-rh,1,0.0388737922705314,0.05844192605401845,EO
sub-013,middletemporal-lh,1,0.019134963768115944,0.05844192605401845,EO
sub-013,middletemporal-rh,1,0.035778985507246376,0.05844192605401845,EO
sub-013,parsopercularis-lh,3,0.14590881642512077,0.05844192605401845,EO
sub-013,parsopercularis-rh,3,0.11590428743961352,0.05844192605401845,EO
sub-013,parsorbitalis-lh,3,0.024984903381642512,0.05844192605401845,EO
sub-013,parsorbitalis-rh,3,0.021173007246376812,0.05844192605401845,EO
sub-013,parstriangularis-lh,3,0.1260945048309179,0.05844192605401845,EO
sub-013,parstriangularis-rh,3,0.05581974637681159,0.05844192605401845,EO
sub-013,pericalcarine-lh,1,0.04525211352657005,0.05844192605401845,EO
sub-013,pericalcarine-rh,1,0.058612620772946857,0.05844192605401845,EO
sub-013,posteriorcingulate-lh,2,0.026003925120772948,0.05844192605401845,EO
sub-013,posteriorcingulate-rh,2,0.02747584541062802,0.05844192605401845,EO
sub-013,precentral-lh,3,0.09057971014492754,0.05844192605401845,EO
sub-013,precentral-rh,3,0.05665006038647343,0.05844192605401845,EO
sub-013,precuneus-lh,2,0.050573671497584544,0.05844192605401845,EO
sub-013,precuneus-rh,2,0.036647041062801936,0.05844192605401845,EO
sub-013,rostralmiddlefrontal-lh,3,0.06823671497584541,0.05844192605401845,EO
sub-013,rostralmiddlefrontal-rh,3,0.028268417874396136,0.05844192605401845,EO
sub-013,superiorfrontal-lh,3,0.04008152173913043,0.05844192605401845,EO
sub-013,superiorfrontal-rh,3,0.07616243961352658,0.05844192605401845,EO
sub-013,superiorparietal-lh,2,0.04578049516908213,0.05844192605401845,EO
sub-013,superiorparietal-rh,2,0.07250150966183574,0.05844192605401845,EO
sub-013,supramarginal-lh,2,0.11156400966183574,0.05844192605401845,EO
sub-013,supramarginal-rh,2,0.10235507246376811,0.05844192605401845,EO
sub-014,bankssts-lh,1,0.09258001207729469,0.04717693236714976,EO
sub-014,bankssts-rh,1,0.07506793478260869,0.04717693236714976,EO
sub-014,caudalmiddlefrontal-lh,3,0.05604619565217391,0.04717693236714976,EO
sub-014,caudalmiddlefrontal-rh,3,0.08959842995169082,0.04717693236714976,EO
sub-014,cuneus-lh,1,0.022607185990338164,0.04717693236714976,EO
sub-014,cuneus-rh,1,0.0234375,0.04717693236714976,EO
sub-014,frontalpole-lh,3,0.014455012077294686,0.04717693236714976,EO
sub-014,frontalpole-rh,3,0.06261322463768115,0.04717693236714976,EO
sub-014,fusiform-lh,1,0.042610205314009664,0.04717693236714976,EO
sub-014,fusiform-rh,1,0.024305555555555556,0.04717693236714976,EO
sub-014,inferiorparietal-lh,2,0.12133907004830918,0.04717693236714976,EO
sub-014,inferiorparietal-rh,2,0.08839070048309179,0.04717693236714976,EO
sub-014,inferiortemporal-lh,1,0.03358997584541063,0.04717693236714976,EO
sub-014,inferiortemporal-rh,1,0.029513888888888888,0.04717693236714976,EO
sub-014,insula-lh,4,0.01928592995169082,0.04717693236714976,EO
sub-014,insula-rh,4,0.020757850241545892,0.04717693236714976,EO
sub-014,lateraloccipital-lh,1,0.01596467391304348,0.04717693236714976,EO
sub-014,lateraloccipital-rh,1,0.020380434782608696,0.04717693236714976,EO
sub-014,lingual-lh,1,0.024305555555555556,0.04717693236714976,EO
sub-014,lingual-rh,1,0.028268417874396136,0.04717693236714976,EO
sub-014,middletemporal-lh,1,0.02321105072463768,0.04717693236714976,EO
sub-014,middletemporal-rh,1,0.0238149154589372,0.04717693236714976,EO
sub-014,parsopercularis-lh,3,0.028117451690821256,0.04717693236714976,EO
sub-014,parsopercularis-rh,3,0.10254378019323672,0.04717693236714976,EO
sub-014,parsorbitalis-lh,3,0.035816727053140096,0.04717693236714976,EO
sub-014,parsorbitalis-rh,3,0.06714221014492754,0.04717693236714976,EO
sub-014,parstriangularis-lh,3,0.026645531400966184,0.04717693236714976,EO
sub-014,parstriangularis-rh,3,0.09729770531400966,0.04717693236714976,EO
sub-014,pericalcarine-lh,1,0.017361111111111112,0.04717693236714976,EO
sub-014,pericalcarine-rh,1,0.026947463768115944,0.04717693236714976,EO
sub-014,posteriorcingulate-lh,2,0.016794987922705316,0.04717693236714976,EO
sub-014,posteriorcingulate-rh,2,0.017172403381642512,0.04717693236714976,EO
sub-014,precentral-lh,3,0.035439311594202896,0.04717693236714976,EO
sub-014,precentral-rh,3,0.059216485507246376,0.04717693236714976,EO
sub-014,precuneus-lh,2,0.020644625603864736,0.04717693236714976,EO
sub-014,precuneus-rh,2,0.026154891304347828,0.04717693236714976,EO
sub-014,rostralmiddlefrontal-lh,3,0.04068538647342995,0.04717693236714976,EO
sub-014,rostralmiddlefrontal-rh,3,0.07133152173913043,0.04717693236714976,EO
sub-014,superiorfrontal-lh,3,0.058197463768115944,0.04717693236714976,EO
sub-014,superiorfrontal-rh,3,0.06159420289855073,0.04717693236714976,EO
sub-014,superiorparietal-lh,2,0.022380736714975844,0.04717693236714976,EO
sub-014,superiorparietal-rh,2,0.04483695652173913,0.04717693236714976,EO
sub-014,supramarginal-lh,2,0.10148701690821256,0.04717693236714976,EO
sub-014,supramarginal-rh,2,0.14583333333333334,0.04717693236714976,EO
sub-015,bankssts-lh,1,0.043516002415458936,0.038154987373737376,EO
sub-015,bankssts-rh,1,0.025249094202898552,0.038154987373737376,EO
sub-015,caudalmiddlefrontal-lh,3,0.15957125603864733,0.038154987373737376,EO
sub-015,caudalmiddlefrontal-rh,3,0.028155193236714976,0.038154987373737376,EO
sub-015,cuneus-lh,1,0.050762379227053143,0.038154987373737376,EO
sub-015,cuneus-rh,1,0.020493659420289856,0.038154987373737376,EO
sub-015,frontalpole-lh,3,0.022720410628019324,0.038154987373737376,EO
sub-015,frontalpole-rh,3,0.014190821256038648,0.038154987373737376,EO
sub-015,fusiform-lh,1,0.022682669082125604,0.038154987373737376,EO
sub-015,fusiform-rh,1,0.019134963768115944,0.038154987373737376,EO
sub-015,inferiorparietal-lh,2,0.18214070048309178,0.038154987373737376,EO
sub-015,inferiorparietal-rh,2,0.08646588164251208,0.038154987373737376,EO
sub-015,inferiortemporal-lh,1,0.01577596618357488,0.038154987373737376,EO
sub-015,inferiortemporal-rh,1,0.010869565217391304,0.038154987373737376,EO
sub-015,insula-lh,4,0.017398852657004832,0.038154987373737376,EO
sub-015,insula-rh,4,0.020984299516908212,0.038154987373737376,EO
sub-015,lateraloccipital-lh,1,0.025249094202898552,0.038154987373737376,EO
sub-015,lateraloccipital-rh,1,0.0160024154589372,0.038154987373737376,EO
sub-015,lingual-lh,1,0.025362318840579712,0.038154987373737376,EO
sub-015,lingual-rh,1,0.028570350241545892,0.038154987373737376,EO
sub-015,middletemporal-lh,1,0.017323369565217392,0.038154987373737376,EO
sub-015,middletemporal-rh,1,0.017889492753623188,0.038154987373737376,EO
sub-015,parsopercularis-lh,3,0.02740036231884058,0.038154987373737376,EO
sub-015,parsopercularis-rh,3,0.013134057971014492,0.038154987373737376,EO
sub-015,parsorbitalis-lh,3,0.018682065217391304,0.038154987373737376,EO
sub-015,parsorbitalis-rh,3,0.011435688405797102,0.038154987373737376,EO
sub-015,parstriangularis-lh,3,0.017512077294685992,0.038154987373737376,EO
sub-015,parstriangularis-rh,3,0.009284420289855072,0.038154987373737376,EO
sub-015,pericalcarine-lh,1,0.030004528985507248,0.038154987373737376,EO
sub-015,pericalcarine-rh,1,0.03132548309178744,0.038154987373737376,EO
sub-015,posteriorcingulate-lh,2,0.027740036231884056,0.038154987373737376,EO
sub-015,posteriorcingulate-rh,2,0.024682971014492752,0.038154987373737376,EO
sub-015,precentral-lh,3,0.0815594806763285,0.038154987373737376,EO
sub-015,precentral-rh,3,0.029966787439613528,0.038154987373737376,EO
sub-015,precuneus-lh,2,0.06970863526570048,0.038154987373737376,EO
sub-015,precuneus-rh,2,0.028532608695652172,0.038154987373737376,EO
sub-015,rostralmiddlefrontal-lh,3,0.018115942028985508,0.038154987373737376,EO
sub-015,rostralmiddlefrontal-rh,3,0.010680857487922706,0.038154987373737376,EO
sub-015,superiorfrontal-lh,3,0.036118659420289856,0.038154987373737376,EO
sub-015,superiorfrontal-rh,3,0.0541213768115942,0.038154987373737376,EO
sub-015,superiorparietal-lh,2,0.11424365942028986,0.038154987373737376,EO
sub-015,superiorparietal-rh,2,0.06510416666666667,0.038154987373737376,EO
sub-015,supramarginal-lh,2,0.050045289855072464,0.038154987373737376,EO
sub-015,supramarginal-rh,2,0.03891153381642512,0.038154987373737376,EO
sub-016,bankssts-lh,1,0.058159722222222224,0.020509099143610012,EO
sub-016,bankssts-rh,1,0.03094806763285024,0.020509099143610012,EO
sub-016,caudalmiddlefrontal-lh,3,0.016794987922705316,0.020509099143610012,EO
sub-016,caudalmiddlefrontal-rh,3,0.017549818840579712,0.020509099143610012,EO
sub-016,cuneus-lh,1,0.020418176328502416,0.020509099143610012,EO
sub-016,cuneus-rh,1,0.017398852657004832,0.020509099143610012,EO
sub-016,frontalpole-lh,3,0.01185084541062802,0.020509099143610012,EO
sub-016,frontalpole-rh,3,0.021097524154589372,0.020509099143610012,EO
sub-016,fusiform-lh,1,0.028457125603864736,0.020509099143610012,EO
sub-016,fusiform-rh,1,0.025890700483091788,0.020509099143610012,EO
sub-016,inferiorparietal-lh,2,0.034118357487922704,0.020509099143610012,EO
sub-016,inferiorparietal-rh,2,0.06408514492753623,0.020509099143610012,EO
sub-016,inferiortemporal-lh,1,0.0192481884057971,0.020509099143610012,EO
sub-016,inferiortemporal-rh,1,0.024456521739130436,0.020509099143610012,EO
sub-016,insula-lh,4,0.011435688405797102,0.020509099143610012,EO
sub-016,insula-rh,4,0.01362469806763285,0.020509099143610012,EO
sub-016,lateraloccipital-lh,1,0.017964975845410628,0.020509099143610012,EO
sub-016,lateraloccipital-rh,1,0.016304347826086956,0.020509099143610012,EO
sub-016,lingual-lh,1,0.022531702898550724,0.020509099143610012,EO
sub-016,lingual-rh,1,0.029476147342995168,0.020509099143610012,EO
sub-016,middletemporal-lh,1,0.01558725845410628,0.020509099143610012,EO
sub-016,middletemporal-rh,1,0.016908212560386472,0.020509099143610012,EO
sub-016,parsopercularis-lh,3,0.016719504830917876,0.020509099143610012,EO
sub-016,parsopercularis-rh,3,0.010114734299516908,0.020509099143610012,EO
sub-016,parsorbitalis-lh,3,0.008038949275362318,0.020509099143610012,EO
sub-016,parsorbitalis-rh,3,0.014568236714975846,0.020509099143610012,EO
sub-016,parstriangularis-lh,3,0.00788798309178744,0.020509099143610012,EO
sub-016,parstriangularis-rh,3,0.012605676328502416,0.020509099143610012,EO
sub-016,pericalcarine-lh,1,0.021097524154589372,0.020509099143610012,EO
sub-016,pericalcarine-rh,1,0.022267512077294684,0.020509099143610012,EO
sub-016,posteriorcingulate-lh,2,0.018606582125603864,0.020509099143610012,EO
sub-016,posteriorcingulate-rh,2,0.018380132850241544,0.020509099143610012,EO
sub-016,precentral-lh,3,0.015625,0.020509099143610012,EO
sub-016,precentral-rh,3,0.0158137077294686,0.020509099143610012,EO
sub-016,precuneus-lh,2,0.02351298309178744,0.020509099143610012,EO
sub-016,precuneus-rh,2,0.018304649758454108,0.020509099143610012,EO
sub-016,rostralmiddlefrontal-lh,3,0.011246980676328502,0.020509099143610012,EO
sub-016,rostralmiddlefrontal-rh,3,0.014341787439613526,0.020509099143610012,EO
sub-016,superiorfrontal-lh,3,0.017436594202898552,0.020509099143610012,EO
sub-016,superiorfrontal-rh,3,0.017285628019323672,0.020509099143610012,EO
sub-016,superiorparietal-lh,2,0.019965277777777776,0.020509099143610012,EO
sub-016,superiorparietal-rh,2,0.01932367149758454,0.020509099143610012,EO
sub-016,supramarginal-lh,2,0.021323973429951692,0.020509099143610012,EO
sub-016,supramarginal-rh,2,0.0236262077294686,0.020509099143610012,EO
sub-017,bankssts-lh,1,0.021776871980676328,0.02619349061264822,EO
sub-017,bankssts-rh,1,0.018380132850241544,0.02619349061264822,EO
sub-017,caudalmiddlefrontal-lh,3,0.1387001811594203,0.02619349061264822,EO
sub-017,caudalmiddlefrontal-rh,3,0.034835446859903384,0.02619349061264822,EO
sub-017,cuneus-lh,1,0.018040458937198068,0.02619349061264822,EO
sub-017,cuneus-rh,1,0.016644021739130436,0.02619349061264822,EO
sub-017,frontalpole-lh,3,0.013134057971014492,0.02619349061264822,EO
sub-017,frontalpole-rh,3,0.012794384057971014,0.02619349061264822,EO
sub-017,fusiform-lh,1,0.009963768115942028,0.02619349061264822,EO
sub-017,fusiform-rh,1,0.016945954106280192,0.02619349061264822,EO
sub-017,inferiorparietal-lh,2,0.05276268115942029,0.02619349061264822,EO
sub-017,inferiorparietal-rh,2,0.027966485507246376,0.02619349061264822,EO
sub-017,inferiortemporal-lh,1,0.0078125,0.02619349061264822,EO
sub-017,inferiortemporal-rh,1,0.008227657004830918,0.02619349061264822,EO
sub-017,insula-lh,4,0.011397946859903382,0.02619349061264822,EO
sub-017,insula-rh,4,0.012907608695652174,0.02619349061264822,EO
sub-017,lateraloccipital-lh,1,0.016832729468599032,0.02619349061264822,EO
sub-017,lateraloccipital-rh,1,0.017210144927536232,0.02619349061264822,EO
sub-017,lingual-lh,1,0.020078502415458936,0.02619349061264822,EO
sub-017,lingual-rh,1,0.02366394927536232,0.02619349061264822,EO
sub-017,middletemporal-lh,1,0.015360809178743962,0.02619349061264822,EO
sub-017,middletemporal-rh,1,0.017247886473429952,0.02619349061264822,EO
sub-017,parsopercularis-lh,3,0.018531099033816424,0.02619349061264822,EO
sub-017,parsopercularis-rh,3,0.010076992753623188,0.02619349061264822,EO
sub-017,parsorbitalis-lh,3,0.016568538647342996,0.02619349061264822,EO
sub-017,parsorbitalis-rh,3,0.00969957729468599,0.02619349061264822,EO
sub-017,parstriangularis-lh,3,0.02313556763285024,0.02619349061264822,EO
sub-017,parstriangularis-rh,3,0.008491847826086956,0.02619349061264822,EO
sub-017,pericalcarine-lh,1,0.021059782608695652,0.02619349061264822,EO
sub-017,pericalcarine-rh,1,0.022720410628019324,0.02619349061264822,EO
sub-017,posteriorcingulate-lh,2,0.024796195652173912,0.02619349061264822,EO
sub-017,posteriorcingulate-rh,2,0.024758454106280192,0.02619349061264822,EO
sub-017,precentral-lh,3,0.08522041062801933,0.02619349061264822,EO
sub-017,precentral-rh,3,0.016681763285024156,0.02619349061264822,EO
sub-017,precuneus-lh,2,0.03158967391304348,0.02619349061264822,EO
sub-017,precuneus-rh,2,0.021550422705314008,0.02619349061264822,EO
sub-017,rostralmiddlefrontal-lh,3,0.023928140096618356,0.02619349061264822,EO
sub-017,rostralmiddlefrontal-rh,3,0.00988828502415459,0.02619349061264822,EO
sub-017,superiorfrontal-lh,3,0.057480374396135264,0.02619349061264822,EO
sub-017,superiorfrontal-rh,3,0.042949879227053143,0.02619349061264822,EO
sub-017,superiorparietal-lh,2,0.035288345410628016,0.02619349061264822,EO
sub-017,superiorparietal-rh,2,0.03125,0.02619349061264822,EO
sub-017,supramarginal-lh,2,0.03302385265700483,0.02619349061264822,EO
sub-017,supramarginal-rh,2,0.051139794685990336,0.02619349061264822,EO
sub-018,bankssts-lh,1,0.009461009174311927,0.0198635581734779,EO
sub-018,bankssts-rh,1,0.022290711009174312,0.0198635581734779,EO
sub-018,caudalmiddlefrontal-lh,3,0.08049025229357798,0.0198635581734779,EO
sub-018,caudalmiddlefrontal-rh,3,0.019065366972477064,0.0198635581734779,EO
sub-018,cuneus-lh,1,0.016735951834862386,0.0198635581734779,EO
sub-018,cuneus-rh,1,0.017165997706422017,0.0198635581734779,EO
sub-018,frontalpole-lh,3,0.017882740825688075,0.0198635581734779,EO
sub-018,frontalpole-rh,3,0.00885177752293578,0.0198635581734779,EO
sub-018,fusiform-lh,1,0.009604357798165137,0.0198635581734779,EO
sub-018,fusiform-rh,1,0.033543577981651376,0.0198635581734779,EO
sub-018,inferiorparietal-lh,2,0.02031966743119266,0.0198635581734779,EO
sub-018,inferiorparietal-rh,2,0.035908830275229356,0.0198635581734779,EO
sub-018,inferiortemporal-lh,1,0.008314220183486239,0.0198635581734779,EO
sub-018,inferiortemporal-rh,1,0.009317660550458715,0.0198635581734779,EO
sub-018,insula-lh,4,0.014119839449541285,0.0198635581734779,EO
sub-018,insula-rh,4,0.01859948394495413,0.0198635581734779,EO
sub-018,lateraloccipital-lh,1,0.01641341743119266,0.0198635581734779,EO
sub-018,lateraloccipital-rh,1,0.017524369266055047,0.0198635581734779,EO
sub-018,lingual-lh,1,0.02135894495412844,0.0198635581734779,EO
sub-018,lingual-rh,1,0.03110665137614679,0.0198635581734779,EO
sub-018,middletemporal-lh,1,0.016592603211009173,0.0198635581734779,EO
sub-018,middletemporal-rh,1,0.023616685779816515,0.0198635581734779,EO
sub-018,parsopercularis-lh,3,0.01118119266055046,0.0198635581734779,EO
sub-018,parsopercularis-rh,3,0.01236381880733945,0.0198635581734779,EO
sub-018,parsorbitalis-lh,3,0.01404816513761468,0.0198635581734779,EO
sub-018,parsorbitalis-rh,3,0.010106077981651376,0.0198635581734779,EO
sub-018,parstriangularis-lh,3,0.007848337155963303,0.0198635581734779,EO
sub-018,parstriangularis-rh,3,0.008170871559633027,0.0198635581734779,EO
sub-018,pericalcarine-lh,1,0.017775229357798166,0.0198635581734779,EO
sub-018,pericalcarine-rh,1,0.028562213302752295,0.0198635581734779,EO
sub-018,posteriorcingulate-lh,2,0.01874283256880734,0.0198635581734779,EO
sub-018,posteriorcingulate-rh,2,0.018061926605504586,0.0198635581734779,EO
sub-018,precentral-lh,3,0.05898795871559633,0.0198635581734779,EO
sub-018,precentral-rh,3,0.018276949541284403,0.0198635581734779,EO
sub-018,precuneus-lh,2,0.02540854357798165,0.0198635581734779,EO
sub-018,precuneus-rh,2,0.02315080275229358,0.0198635581734779,EO
sub-018,rostralmiddlefrontal-lh,3,0.00885177752293578,0.0198635581734779,EO
sub-018,rostralmiddlefrontal-rh,3,0.008421731651376147,0.0198635581734779,EO
sub-018,superiorfrontal-lh,3,0.018671158256880736,0.0198635581734779,EO
sub-018,superiorfrontal-rh,3,0.01770355504587156,0.0198635581734779,EO
sub-018,superiorparietal-lh,2,0.02028383027522936,0.0198635581734779,EO
sub-018,superiorparietal-rh,2,0.020068807339449542,0.0198635581734779,EO
sub-018,supramarginal-lh,2,0.01601920871559633,0.0198635581734779,EO
sub-018,supramarginal-rh,2,0.023007454128440366,0.0198635581734779,EO
sub-019,bankssts-lh,1,0.06967089371980677,0.04790688817523057,EO
sub-019,bankssts-rh,1,0.05329106280193237,0.04790688817523057,EO
sub-019,caudalmiddlefrontal-lh,3,0.1204332729468599,0.04790688817523057,EO
sub-019,caudalmiddlefrontal-rh,3,0.13609601449275363,0.04790688817523057,EO
sub-019,cuneus-lh,1,0.05257397342995169,0.04790688817523057,EO
sub-019,cuneus-rh,1,0.035816727053140096,0.04790688817523057,EO
sub-019,frontalpole-lh,3,0.021663647342995168,0.04790688817523057,EO
sub-019,frontalpole-rh,3,0.017776268115942028,0.04790688817523057,EO
sub-019,fusiform-lh,1,0.041817632850241544,0.04790688817523057,EO
sub-019,fusiform-rh,1,0.029249698067632852,0.04790688817523057,EO
sub-019,inferiorparietal-lh,2,0.11703653381642512,0.04790688817523057,EO
sub-019,inferiorparietal-rh,2,0.07442632850241546,0.04790688817523057,EO
sub-019,inferiortemporal-lh,1,0.03170289855072464,0.04790688817523057,EO
sub-019,inferiortemporal-rh,1,0.02702294685990338,0.04790688817523057,EO
sub-019,insula-lh,4,0.025362318840579712,0.04790688817523057,EO
sub-019,insula-rh,4,0.03694897342995169,0.04790688817523057,EO
sub-019,lateraloccipital-lh,1,0.04713919082125604,0.04790688817523057,EO
sub-019,lateraloccipital-rh,1,0.030306461352657004,0.04790688817523057,EO
sub-019,lingual-lh,1,0.03121225845410628,0.04790688817523057,EO
sub-019,lingual-rh,1,0.0272493961352657,0.04790688817523057,EO
sub-019,middletemporal-lh,1,0.03151419082125604,0.04790688817523057,EO
sub-019,middletemporal-rh,1,0.030608393719806764,0.04790688817523057,EO
sub-019,parsopercularis-lh,3,0.022305253623188404,0.04790688817523057,EO
sub-019,parsopercularis-rh,3,0.10495923913043478,0.04790688817523057,EO
sub-019,parsorbitalis-lh,3,0.022229770531400968,0.04790688817523057,EO
sub-019,parsorbitalis-rh,3,0.050309480676328504,0.04790688817523057,EO
sub-019,parstriangularis-lh,3,0.018983997584541064,0.04790688817523057,EO
sub-019,parstriangularis-rh,3,0.057480374396135264,0.04790688817523057,EO
sub-019,pericalcarine-lh,1,0.04083635265700483,0.04790688817523057,EO
sub-019,pericalcarine-rh,1,0.030004528985507248,0.04790688817523057,EO
sub-019,posteriorcingulate-lh,2,0.029589371980676328,0.04790688817523057,EO
sub-019,posteriorcingulate-rh,2,0.025362318840579712,0.04790688817523057,EO
sub-019,precentral-lh,3,0.06748188405797101,0.04790688817523057,EO
sub-019,precentral-rh,3,0.07993659420289854,0.04790688817523057,EO
sub-019,precuneus-lh,2,0.04132699275362319,0.04790688817523057,EO
sub-019,precuneus-rh,2,0.020757850241545892,0.04790688817523057,EO
sub-019,rostralmiddlefrontal-lh,3,0.021210748792270532,0.04790688817523057,EO
sub-019,rostralmiddlefrontal-rh,3,0.05464975845410628,0.04790688817523057,EO
sub-019,superiorfrontal-lh,3,0.059442934782608696,0.04790688817523057,EO
sub-019,superiorfrontal-rh,3,0.04710144927536232,0.04790688817523057,EO
sub-019,superiorparietal-lh,2,0.043138586956521736,0.04790688817523057,EO
sub-019,superiorparietal-rh,2,0.04140247584541063,0.04790688817523057,EO
sub-019,supramarginal-lh,2,0.059291968599033816,0.04790688817523057,EO
sub-019,supramarginal-rh,2,0.08118206521739131,0.04790688817523057,EO
sub-020,bankssts-lh,1,0.06721769323671498,0.040362010046113304,EO
sub-020,bankssts-rh,1,0.06438707729468598,0.040362010046113304,EO
sub-020,caudalmiddlefrontal-lh,3,0.04513888888888889,0.040362010046113304,EO
sub-020,caudalmiddlefrontal-rh,3,0.04619565217391304,0.040362010046113304,EO
sub-020,cuneus-lh,1,0.03872282608695652,0.040362010046113304,EO
sub-020,cuneus-rh,1,0.035514794685990336,0.040362010046113304,EO
sub-020,frontalpole-lh,3,0.0737469806763285,0.040362010046113304,EO
sub-020,frontalpole-rh,3,0.051026570048309176,0.040362010046113304,EO
sub-020,fusiform-lh,1,0.052234299516908216,0.040362010046113304,EO
sub-020,fusiform-rh,1,0.043176328502415456,0.040362010046113304,EO
sub-020,inferiorparietal-lh,2,0.0541213768115942,0.040362010046113304,EO
sub-020,inferiorparietal-rh,2,0.02717391304347826,0.040362010046113304,EO
sub-020,inferiortemporal-lh,1,0.03313707729468599,0.040362010046113304,EO
sub-020,inferiortemporal-rh,1,0.036156400966183576,0.040362010046113304,EO
sub-020,insula-lh,4,0.018606582125603864,0.040362010046113304,EO
sub-020,insula-rh,4,0.029589371980676328,0.040362010046113304,EO
sub-020,lateraloccipital-lh,1,0.030193236714975844,0.040362010046113304,EO
sub-020,lateraloccipital-rh,1,0.04479921497584541,0.040362010046113304,EO
sub-020,lingual-lh,1,0.029174214975845412,0.040362010046113304,EO
sub-020,lingual-rh,1,0.04702596618357488,0.040362010046113304,EO
sub-020,middletemporal-lh,1,0.042572463768115944,0.040362010046113304,EO
sub-020,middletemporal-rh,1,0.042798913043478264,0.040362010046113304,EO
sub-020,parsopercularis-lh,3,0.024833937198067632,0.040362010046113304,EO
sub-020,parsopercularis-rh,3,0.08178592995169082,0.040362010046113304,EO
sub-020,parsorbitalis-lh,3,0.029476147342995168,0.040362010046113304,EO
sub-020,parsorbitalis-rh,3,0.06393417874396136,0.040362010046113304,EO
sub-020,parstriangularis-lh,3,0.021173007246376812,0.040362010046113304,EO
sub-020,parstriangularis-rh,3,0.07989885265700483,0.040362010046113304,EO
sub-020,pericalcarine-lh,1,0.029287439613526572,0.040362010046113304,EO
sub-020,pericalcarine-rh,1,0.04815821256038647,0.040362010046113304,EO
sub-020,posteriorcingulate-lh,2,0.026381340579710144,0.040362010046113304,EO
sub-020,posteriorcingulate-rh,2,0.026268115942028984,0.040362010046113304,EO
sub-020,precentral-lh,3,0.021927838164251208,0.040362010046113304,EO
sub-020,precentral-rh,3,0.050007548309178744,0.040362010046113304,EO
sub-020,precuneus-lh,2,0.02373943236714976,0.040362010046113304,EO
sub-020,precuneus-rh,2,0.025588768115942028,0.040362010046113304,EO
sub-020,rostralmiddlefrontal-lh,3,0.026721014492753624,0.040362010046113304,EO
sub-020,rostralmiddlefrontal-rh,3,0.029702596618357488,0.040362010046113304,EO
sub-020,superiorfrontal-lh,3,0.026305857487922704,0.040362010046113304,EO
sub-020,superiorfrontal-rh,3,0.036496074879227056,0.040362010046113304,EO
sub-020,superiorparietal-lh,2,0.030608393719806764,0.040362010046113304,EO
sub-020,superiorparietal-rh,2,0.0316274154589372,0.040362010046113304,EO
sub-020,supramarginal-lh,2,0.02766455314009662,0.040362010046113304,EO
sub-020,supramarginal-rh,2,0.06163194444444445,0.040362010046113304,EO
sub-021,bankssts-lh,1,0.03993476941747573,0.04264207993159753,EO
sub-021,bankssts-rh,1,0.06318264563106796,0.04264207993159753,EO
sub-021,caudalmiddlefrontal-lh,3,0.12503792475728157,0.04264207993159753,EO
sub-021,caudalmiddlefrontal-rh,3,0.07228458737864078,0.04264207993159753,EO
sub-021,cuneus-lh,1,0.05347390776699029,0.04264207993159753,EO
sub-021,cuneus-rh,1,0.031401699029126214,0.04264207993159753,EO
sub-021,frontalpole-lh,3,0.009367415048543689,0.04264207993159753,EO
sub-021,frontalpole-rh,3,0.010543082524271845,0.04264207993159753,EO
sub-021,fusiform-lh,1,0.03242566747572816,0.04264207993159753,EO
sub-021,fusiform-rh,1,0.050932949029126214,0.04264207993159753,EO
sub-021,inferiorparietal-lh,2,0.08396541262135922,0.04264207993159753,EO
sub-021,inferiorparietal-rh,2,0.057493932038834954,0.04264207993159753,EO
sub-021,inferiortemporal-lh,1,0.023134101941747573,0.04264207993159753,EO
sub-021,inferiortemporal-rh,1,0.03219811893203883,0.04264207993159753,EO
sub-021,insula-lh,4,0.038000606796116505,0.04264207993159753,EO
sub-021,insula-rh,4,0.019189927184466018,0.04264207993159753,EO
sub-021,lateraloccipital-lh,1,0.03056735436893204,0.04264207993159753,EO
sub-021,lateraloccipital-rh,1,0.02969508495145631,0.04264207993159753,EO
sub-021,lingual-lh,1,0.033222087378640776,0.04264207993159753,EO
sub-021,lingual-rh,1,0.04198270631067961,0.04264207993159753,EO
sub-021,middletemporal-lh,1,0.02601638349514563,0.04264207993159753,EO
sub-021,middletemporal-rh,1,0.05244993932038835,0.04264207993159753,EO
sub-021,parsopercularis-lh,3,0.01998634708737864,0.04264207993159753,EO
sub-021,parsopercularis-rh,3,0.015625,0.04264207993159753,EO
sub-021,parsorbitalis-lh,3,0.021465412621359224,0.04264207993159753,EO
sub-021,parsorbitalis-rh,3,0.010239684466019418,0.04264207993159753,EO
sub-021,parstriangularis-lh,3,0.06997117718446602,0.04264207993159753,EO
sub-021,parstriangularis-rh,3,0.011529126213592233,0.04264207993159753,EO
sub-021,pericalcarine-lh,1,0.036293992718446605,0.04264207993159753,EO
sub-021,pericalcarine-rh,1,0.03417020631067961,0.04264207993159753,EO
sub-021,posteriorcingulate-lh,2,0.029391686893203883,0.04264207993159753,EO
sub-021,posteriorcingulate-rh,2,0.028519417475728157,0.04264207993159753,EO
sub-021,precentral-lh,3,0.05089502427184466,0.04264207993159753,EO
sub-021,precentral-rh,3,0.04152760922330097,0.04264207993159753,EO
sub-021,precuneus-lh,2,0.04653367718446602,0.04264207993159753,EO
sub-021,precuneus-rh,2,0.038000606796116505,0.04264207993159753,EO
sub-021,rostralmiddlefrontal-lh,3,0.0670509708737864,0.04264207993159753,EO
sub-021,rostralmiddlefrontal-rh,3,0.022489381067961164,0.04264207993159753,EO
sub-021,superiorfrontal-lh,3,0.04789896844660194,0.04264207993159753,EO
sub-021,superiorfrontal-rh,3,0.046875,0.04264207993159753,EO
sub-021,superiorparietal-lh,2,0.0675439927184466,0.04264207993159753,EO
sub-021,superiorparietal-rh,2,0.050098604368932036,0.04264207993159753,EO
sub-021,supramarginal-lh,2,0.08055218446601942,0.04264207993159753,EO
sub-021,supramarginal-rh,2,0.0830931432038835,0.04264207993159753,EO
sub-022,bankssts-lh,1,0.014986478365384616,0.014266861068618882,EO
sub-022,bankssts-rh,1,0.01543719951923077,0.014266861068618882,EO
sub-022,caudalmiddlefrontal-lh,3,0.011155348557692308,0.014266861068618882,EO
sub-022,caudalmiddlefrontal-rh,3,0.011380709134615384,0.014266861068618882,EO
sub-022,cuneus-lh,1,0.025615985576923076,0.014266861068618882,EO
sub-022,cuneus-rh,1,0.02587890625,0.014266861068618882,EO
sub-022,frontalpole-lh,3,0.008451021634615384,0.014266861068618882,EO
sub-022,frontalpole-rh,3,0.008526141826923076,0.014266861068618882,EO
sub-022,fusiform-lh,1,0.015099158653846154,0.014266861068618882,EO
sub-022,fusiform-rh,1,0.017390324519230768,0.014266861068618882,EO
sub-022,inferiorparietal-lh,2,0.014873798076923076,0.014266861068618882,EO
sub-022,inferiorparietal-rh,2,0.020207331730769232,0.014266861068618882,EO
sub-022,inferiortemporal-lh,1,0.009314903846153846,0.014266861068618882,EO
sub-022,inferiortemporal-rh,1,0.007962740384615384,0.014266861068618882,EO
sub-022,insula-lh,4,0.012131911057692308,0.014266861068618882,EO
sub-022,insula-rh,4,0.008676382211538462,0.014266861068618882,EO
sub-022,lateraloccipital-lh,1,0.019493689903846152,0.014266861068618882,EO
sub-022,lateraloccipital-rh,1,0.015775240384615384,0.014266861068618882,EO
sub-022,lingual-lh,1,0.01318359375,0.014266861068618882,EO
sub-022,lingual-rh,1,0.01844200721153846,0.014266861068618882,EO
sub-022,middletemporal-lh,1,0.01416015625,0.014266861068618882,EO
sub-022,middletemporal-rh,1,0.01494891826923077,0.014266861068618882,EO
sub-022,parsopercularis-lh,3,0.008338341346153846,0.014266861068618882,EO
sub-022,parsopercularis-rh,3,0.010817307692307692,0.014266861068618882,EO
sub-022,parsorbitalis-lh,3,0.01006610576923077,0.014266861068618882,EO
sub-022,parsorbitalis-rh,3,0.008413461538461538,0.014266861068618882,EO
sub-022,parstriangularis-lh,3,0.008075420673076924,0.014266861068618882,EO
sub-022,parstriangularis-rh,3,0.008939302884615384,0.014266861068618882,EO
sub-022,pericalcarine-lh,1,0.028395432692307692,0.014266861068618882,EO
sub-022,pericalcarine-rh,1,0.016413762019230768,0.014266861068618882,EO
sub-022,posteriorcingulate-lh,2,0.01671424278846154,0.014266861068618882,EO
sub-022,posteriorcingulate-rh,2,0.017014723557692308,0.014266861068618882,EO
sub-022,precentral-lh,3,0.013221153846153846,0.014266861068618882,EO
sub-022,precentral-rh,3,0.0146484375,0.014266861068618882,EO
sub-022,precuneus-lh,2,0.017653245192307692,0.014266861068618882,EO
sub-022,precuneus-rh,2,0.016038161057692308,0.014266861068618882,EO
sub-022,rostralmiddlefrontal-lh,3,0.010516826923076924,0.014266861068618882,EO
sub-022,rostralmiddlefrontal-rh,3,0.009615384615384616,0.014266861068618882,EO
sub-022,superiorfrontal-lh,3,0.01600060096153846,0.014266861068618882,EO
sub-022,superiorfrontal-rh,3,0.016939603365384616,0.014266861068618882,EO
sub-022,superiorparietal-lh,2,0.016564002403846152,0.014266861068618882,EO
sub-022,superiorparietal-rh,2,0.019681490384615384,0.014266861068618882,EO
sub-022,supramarginal-lh,2,0.010629507211538462,0.014266861068618882,EO
sub-022,supramarginal-rh,2,0.00995342548076923,0.014266861068618882,EO
sub-023,bankssts-lh,1,0.036571557971014496,0.03033390974967062,EO
sub-023,bankssts-rh,1,0.017587560386473428,0.03033390974967062,EO
sub-023,caudalmiddlefrontal-lh,3,0.050460446859903384,0.03033390974967062,EO
sub-023,caudalmiddlefrontal-rh,3,0.058650362318840576,0.03033390974967062,EO
sub-023,cuneus-lh,1,0.04898852657004831,0.03033390974967062,EO
sub-023,cuneus-rh,1,0.029136473429951692,0.03033390974967062,EO
sub-023,frontalpole-lh,3,0.04657306763285024,0.03033390974967062,EO
sub-023,frontalpole-rh,3,0.051932367149758456,0.03033390974967062,EO
sub-023,fusiform-lh,1,0.0192481884057971,0.03033390974967062,EO
sub-023,fusiform-rh,1,0.03158967391304348,0.03033390974967062,EO
sub-023,inferiorparietal-lh,2,0.0310612922705314,0.03033390974967062,EO
sub-023,inferiorparietal-rh,2,0.026192632850241544,0.03033390974967062,EO
sub-023,inferiortemporal-lh,1,0.017247886473429952,0.03033390974967062,EO
sub-023,inferiortemporal-rh,1,0.019134963768115944,0.03033390974967062,EO
sub-023,insula-lh,4,0.014266304347826086,0.03033390974967062,EO
sub-023,insula-rh,4,0.022871376811594204,0.03033390974967062,EO
sub-023,lateraloccipital-lh,1,0.03340126811594203,0.03033390974967062,EO
sub-023,lateraloccipital-rh,1,0.017625301932367148,0.03033390974967062,EO
sub-023,lingual-lh,1,0.027853260869565216,0.03033390974967062,EO
sub-023,lingual-rh,1,0.024343297101449276,0.03033390974967062,EO
sub-023,middletemporal-lh,1,0.018983997584541064,0.03033390974967062,EO
sub-023,middletemporal-rh,1,0.02755132850241546,0.03033390974967062,EO
sub-023,parsopercularis-lh,3,0.01551177536231884,0.03033390974967062,EO
sub-023,parsopercularis-rh,3,0.021286231884057972,0.03033390974967062,EO
sub-023,parsorbitalis-lh,3,0.02377717391304348,0.03033390974967062,EO
sub-023,parsorbitalis-rh,3,0.02721165458937198,0.03033390974967062,EO
sub-023,parstriangularis-lh,3,0.015134359903381642,0.03033390974967062,EO
sub-023,parstriangularis-rh,3,0.024267814009661836,0.03033390974967062,EO
sub-023,pericalcarine-lh,1,0.028608091787439612,0.03033390974967062,EO
sub-023,pericalcarine-rh,1,0.042383756038647344,0.03033390974967062,EO
sub-023,posteriorcingulate-lh,2,0.024984903381642512,0.03033390974967062,EO
sub-023,posteriorcingulate-rh,2,0.026343599033816424,0.03033390974967062,EO
sub-023,precentral-lh,3,0.06385869565217392,0.03033390974967062,EO
sub-023,precentral-rh,3,0.035477053140096616,0.03033390974967062,EO
sub-023,precuneus-lh,2,0.034344806763285024,0.03033390974967062,EO
sub-023,precuneus-rh,2,0.03321256038647343,0.03033390974967062,EO
sub-023,rostralmiddlefrontal-lh,3,0.020833333333333332,0.03033390974967062,EO
sub-023,rostralmiddlefrontal-rh,3,0.0318161231884058,0.03033390974967062,EO
sub-023,superiorfrontal-lh,3,0.034835446859903384,0.03033390974967062,EO
sub-023,superiorfrontal-rh,3,0.027966485507246376,0.03033390974967062,EO
sub-023,superiorparietal-lh,2,0.03257095410628019,0.03033390974967062,EO
sub-023,superiorparietal-rh,2,0.04091183574879227,0.03033390974967062,EO
sub-023,supramarginal-lh,2,0.021588164251207728,0.03033390974967062,EO
sub-023,supramarginal-rh,2,0.036496074879227056,0.03033390974967062,EO
sub-024,bankssts-lh,1,0.034420289855072464,0.026189201800614844,EO
sub-024,bankssts-rh,1,0.028570350241545892,0.026189201800614844,EO
sub-024,caudalmiddlefrontal-lh,3,0.04653532608695652,0.026189201800614844,EO
sub-024,caudalmiddlefrontal-rh,3,0.029966787439613528,0.026189201800614844,EO
sub-024,cuneus-lh,1,0.03241998792270531,0.026189201800614844,EO
sub-024,cuneus-rh,1,0.021173007246376812,0.026189201800614844,EO
sub-024,frontalpole-lh,3,0.01921044685990338,0.026189201800614844,EO
sub-024,frontalpole-rh,3,0.026230374396135264,0.026189201800614844,EO
sub-024,fusiform-lh,1,0.02339975845410628,0.026189201800614844,EO
sub-024,fusiform-rh,1,0.025211352657004832,0.026189201800614844,EO
sub-024,inferiorparietal-lh,2,0.06348128019323672,0.026189201800614844,EO
sub-024,inferiorparietal-rh,2,0.01973882850241546,0.026189201800614844,EO
sub-024,inferiortemporal-lh,1,0.028910024154589372,0.026189201800614844,EO
sub-024,inferiortemporal-rh,1,0.024381038647342996,0.026189201800614844,EO
sub-024,insula-lh,4,0.026909722222222224,0.026189201800614844,EO
sub-024,insula-rh,4,0.022418478260869564,0.026189201800614844,EO
sub-024,lateraloccipital-lh,1,0.022003321256038648,0.026189201800614844,EO
sub-024,lateraloccipital-rh,1,0.017474335748792272,0.026189201800614844,EO
sub-024,lingual-lh,1,0.025135869565217392,0.026189201800614844,EO
sub-024,lingual-rh,1,0.022758152173913044,0.026189201800614844,EO
sub-024,middletemporal-lh,1,0.030683876811594204,0.026189201800614844,EO
sub-024,middletemporal-rh,1,0.024720712560386472,0.026189201800614844,EO
sub-024,parsopercularis-lh,3,0.012945350241545894,0.026189201800614844,EO
sub-024,parsopercularis-rh,3,0.021474939613526572,0.026189201800614844,EO
sub-024,parsorbitalis-lh,3,0.021739130434782608,0.026189201800614844,EO
sub-024,parsorbitalis-rh,3,0.019059480676328504,0.026189201800614844,EO
sub-024,parstriangularis-lh,3,0.01947463768115942,0.026189201800614844,EO
sub-024,parstriangularis-rh,3,0.01585144927536232,0.026189201800614844,EO
sub-024,pericalcarine-lh,1,0.023022342995169084,0.026189201800614844,EO
sub-024,pericalcarine-rh,1,0.021927838164251208,0.026189201800614844,EO
sub-024,posteriorcingulate-lh,2,0.02366394927536232,0.026189201800614844,EO
sub-024,posteriorcingulate-rh,2,0.02370169082125604,0.026189201800614844,EO
sub-024,precentral-lh,3,0.044497282608695655,0.026189201800614844,EO
sub-024,precentral-rh,3,0.022682669082125604,0.026189201800614844,EO
sub-024,precuneus-lh,2,0.024154589371980676,0.026189201800614844,EO
sub-024,precuneus-rh,2,0.021814613526570048,0.026189201800614844,EO
sub-024,rostralmiddlefrontal-lh,3,0.02347524154589372,0.026189201800614844,EO
sub-024,rostralmiddlefrontal-rh,3,0.021286231884057972,0.026189201800614844,EO
sub-024,superiorfrontal-lh,3,0.03158967391304348,0.026189201800614844,EO
sub-024,superiorfrontal-rh,3,0.035363828502415456,0.026189201800614844,EO
sub-024,superiorparietal-lh,2,0.027740036231884056,0.026189201800614844,EO
sub-024,superiorparietal-rh,2,0.025777475845410628,0.026189201800614844,EO
sub-024,supramarginal-lh,2,0.03174064009661836,0.026189201800614844,EO
sub-024,supramarginal-rh,2,0.02358846618357488,0.026189201800614844,EO
sub-025,bankssts-lh,1,0.1101298309178744,0.037262914470794904,EO
sub-025,bankssts-rh,1,0.042421497584541064,0.037262914470794904,EO
sub-025,caudalmiddlefrontal-lh,3,0.10945048309178744,0.037262914470794904,EO
sub-025,caudalmiddlefrontal-rh,3,0.03204257246376811,0.037262914470794904,EO
sub-025,cuneus-lh,1,0.030759359903381644,0.037262914470794904,EO
sub-025,cuneus-rh,1,0.022946859903381644,0.037262914470794904,EO
sub-025,frontalpole-lh,3,0.011926328502415458,0.037262914470794904,EO
sub-025,frontalpole-rh,3,0.00966183574879227,0.037262914470794904,EO
sub-025,fusiform-lh,1,0.026192632850241544,0.037262914470794904,EO
sub-025,fusiform-rh,1,0.04068538647342995,0.037262914470794904,EO
sub-025,inferiorparietal-lh,2,0.12669836956521738,0.037262914470794904,EO
sub-025,inferiorparietal-rh,2,0.042949879227053143,0.037262914470794904,EO
sub-025,inferiortemporal-lh,1,0.029551630434782608,0.037262914470794904,EO
sub-025,inferiortemporal-rh,1,0.025513285024154588,0.037262914470794904,EO
sub-025,insula-lh,4,0.015323067632850242,0.037262914470794904,EO
sub-025,insula-rh,4,0.01936141304347826,0.037262914470794904,EO
sub-025,lateraloccipital-lh,1,0.0653683574879227,0.037262914470794904,EO
sub-025,lateraloccipital-rh,1,0.017096920289855072,0.037262914470794904,EO
sub-025,lingual-lh,1,0.04117602657004831,0.037262914470794904,EO
sub-025,lingual-rh,1,0.029325181159420288,0.037262914470794904,EO
sub-025,middletemporal-lh,1,0.0394399154589372,0.037262914470794904,EO
sub-025,middletemporal-rh,1,0.042006340579710144,0.037262914470794904,EO
sub-025,parsopercularis-lh,3,0.011511171497584542,0.037262914470794904,EO
sub-025,parsopercularis-rh,3,0.017059178743961352,0.037262914470794904,EO
sub-025,parsorbitalis-lh,3,0.01173762077294686,0.037262914470794904,EO
sub-025,parsorbitalis-rh,3,0.008869263285024154,0.037262914470794904,EO
sub-025,parstriangularis-lh,3,0.009057971014492754,0.037262914470794904,EO
sub-025,parstriangularis-rh,3,0.012983091787439614,0.037262914470794904,EO
sub-025,pericalcarine-lh,1,0.07955917874396136,0.037262914470794904,EO
sub-025,pericalcarine-rh,1,0.03811896135265701,0.037262914470794904,EO
sub-025,posteriorcingulate-lh,2,0.021210748792270532,0.037262914470794904,EO
sub-025,posteriorcingulate-rh,2,0.02366394927536232,0.037262914470794904,EO
sub-025,precentral-lh,3,0.051743659420289856,0.037262914470794904,EO
sub-025,precentral-rh,3,0.021927838164251208,0.037262914470794904,EO
sub-025,precuneus-lh,2,0.027740036231884056,0.037262914470794904,EO
sub-025,precuneus-rh,2,0.021625905797101448,0.037262914470794904,EO
sub-025,rostralmiddlefrontal-lh,3,0.016757246376811596,0.037262914470794904,EO
sub-025,rostralmiddlefrontal-rh,3,0.008718297101449276,0.037262914470794904,EO
sub-025,superiorfrontal-lh,3,0.018040458937198068,0.037262914470794904,EO
sub-025,superiorfrontal-rh,3,0.043968900966183576,0.037262914470794904,EO
sub-025,superiorparietal-lh,2,0.04879981884057971,0.037262914470794904,EO
sub-025,superiorparietal-rh,2,0.060046799516908216,0.037262914470794904,EO
sub-025,supramarginal-lh,2,0.09280646135265701,0.037262914470794904,EO
sub-025,supramarginal-rh,2,0.06359450483091787,0.037262914470794904,EO
sub-026,bankssts-lh,1,0.07592536407766991,0.05565458131067961,EO
sub-026,bankssts-rh,1,0.1265549150485437,0.05565458131067961,EO
sub-026,caudalmiddlefrontal-lh,3,0.09788379854368932,0.05565458131067961,EO
sub-026,caudalmiddlefrontal-rh,3,0.10607554611650485,0.05565458131067961,EO
sub-026,cuneus-lh,1,0.0367870145631068,0.05565458131067961,EO
sub-026,cuneus-rh,1,0.03860740291262136,0.05565458131067961,EO
sub-026,frontalpole-lh,3,0.028595266990291263,0.05565458131067961,EO
sub-026,frontalpole-rh,3,0.022868628640776698,0.05565458131067961,EO
sub-026,fusiform-lh,1,0.028633191747572815,0.05565458131067961,EO
sub-026,fusiform-rh,1,0.04380309466019418,0.05565458131067961,EO
sub-026,inferiorparietal-lh,2,0.07933859223300971,0.05565458131067961,EO
sub-026,inferiorparietal-rh,2,0.05032615291262136,0.05565458131067961,EO
sub-026,inferiortemporal-lh,1,0.03417020631067961,0.05565458131067961,EO
sub-026,inferiortemporal-rh,1,0.06318264563106796,0.05565458131067961,EO
sub-026,insula-lh,4,0.015625,0.05565458131067961,EO
sub-026,insula-rh,4,0.03822815533980582,0.05565458131067961,EO
sub-026,lateraloccipital-lh,1,0.039214199029126214,0.05565458131067961,EO
sub-026,lateraloccipital-rh,1,0.02131371359223301,0.05565458131067961,EO
sub-026,lingual-lh,1,0.048012742718446605,0.05565458131067961,EO
sub-026,lingual-rh,1,0.04198270631067961,0.05565458131067961,EO
sub-026,middletemporal-lh,1,0.02256523058252427,0.05565458131067961,EO
sub-026,middletemporal-rh,1,0.040162317961165046,0.05565458131067961,EO
sub-026,parsopercularis-lh,3,0.09378792475728155,0.05565458131067961,EO
sub-026,parsopercularis-rh,3,0.134936286407767,0.05565458131067961,EO
sub-026,parsorbitalis-lh,3,0.0792627427184466,0.05565458131067961,EO
sub-026,parsorbitalis-rh,3,0.0345873786407767,0.05565458131067961,EO
sub-026,parstriangularis-lh,3,0.07983161407766991,0.05565458131067961,EO
sub-026,parstriangularis-rh,3,0.09139866504854369,0.05565458131067961,EO
sub-026,pericalcarine-lh,1,0.026395631067961164,0.05565458131067961,EO
sub-026,pericalcarine-rh,1,0.029733009708737865,0.05565458131067961,EO
sub-026,posteriorcingulate-lh,2,0.023134101941747573,0.05565458131067961,EO
sub-026,posteriorcingulate-rh,2,0.02252730582524272,0.05565458131067961,EO
sub-026,precentral-lh,3,0.029277912621359224,0.05565458131067961,EO
sub-026,precentral-rh,3,0.09249848300970874,0.05565458131067961,EO
sub-026,precuneus-lh,2,0.02969508495145631,0.05565458131067961,EO
sub-026,precuneus-rh,2,0.023361650485436893,0.05565458131067961,EO
sub-026,rostralmiddlefrontal-lh,3,0.08605127427184465,0.05565458131067961,EO
sub-026,rostralmiddlefrontal-rh,3,0.10190382281553398,0.05565458131067961,EO
sub-026,superiorfrontal-lh,3,0.0736498786407767,0.05565458131067961,EO
sub-026,superiorfrontal-rh,3,0.07239836165048544,0.05565458131067961,EO
sub-026,superiorparietal-lh,2,0.04509253640776699,0.05565458131067961,EO
sub-026,superiorparietal-rh,2,0.03959344660194175,0.05565458131067961,EO
sub-026,supramarginal-lh,2,0.04899878640776699,0.05565458131067961,EO
sub-026,supramarginal-rh,2,0.09082979368932038,0.05565458131067961,EO
sub-027,bankssts-lh,1,0.017474335748792272,0.025927584266578832,EO
sub-027,bankssts-rh,1,0.029211956521739132,0.025927584266578832,EO
sub-027,caudalmiddlefrontal-lh,3,0.034005132850241544,0.025927584266578832,EO
sub-027,caudalmiddlefrontal-rh,3,0.043931159420289856,0.025927584266578832,EO
sub-027,cuneus-lh,1,0.027815519323671496,0.025927584266578832,EO
sub-027,cuneus-rh,1,0.020531400966183576,0.025927584266578832,EO
sub-027,frontalpole-lh,3,0.015625,0.025927584266578832,EO
sub-027,frontalpole-rh,3,0.015625,0.025927584266578832,EO
sub-027,fusiform-lh,1,0.016945954106280192,0.025927584266578832,EO
sub-027,fusiform-rh,1,0.022984601449275364,0.025927584266578832,EO
sub-027,inferiorparietal-lh,2,0.06468900966183574,0.025927584266578832,EO
sub-027,inferiorparietal-rh,2,0.030759359903381644,0.025927584266578832,EO
sub-027,inferiortemporal-lh,1,0.016945954106280192,0.025927584266578832,EO
sub-027,inferiortemporal-rh,1,0.03936443236714976,0.025927584266578832,EO
sub-027,insula-lh,4,0.015360809178743962,0.025927584266578832,EO
sub-027,insula-rh,4,0.015625,0.025927584266578832,EO
sub-027,lateraloccipital-lh,1,0.018153683574879228,0.025927584266578832,EO
sub-027,lateraloccipital-rh,1,0.033778683574879224,0.025927584266578832,EO
sub-027,lingual-lh,1,0.035024154589371984,0.025927584266578832,EO
sub-027,lingual-rh,1,0.035024154589371984,0.025927584266578832,EO
sub-027,middletemporal-lh,1,0.01917270531400966,0.025927584266578832,EO
sub-027,middletemporal-rh,1,0.01570048309178744,0.025927584266578832,EO
sub-027,parsopercularis-lh,3,0.008831521739130434,0.025927584266578832,EO
sub-027,parsopercularis-rh,3,0.014832427536231884,0.025927584266578832,EO
sub-027,parsorbitalis-lh,3,0.01370018115942029,0.025927584266578832,EO
sub-027,parsorbitalis-rh,3,0.012907608695652174,0.025927584266578832,EO
sub-027,parstriangularis-lh,3,0.00785024154589372,0.025927584266578832,EO
sub-027,parstriangularis-rh,3,0.008982487922705314,0.025927584266578832,EO
sub-027,pericalcarine-lh,1,0.018115942028985508,0.025927584266578832,EO
sub-027,pericalcarine-rh,1,0.042383756038647344,0.025927584266578832,EO
sub-027,posteriorcingulate-lh,2,0.025362318840579712,0.025927584266578832,EO
sub-027,posteriorcingulate-rh,2,0.025475543478260868,0.025927584266578832,EO
sub-027,precentral-lh,3,0.03336352657004831,0.025927584266578832,EO
sub-027,precentral-rh,3,0.043402777777777776,0.025927584266578832,EO
sub-027,precuneus-lh,2,0.030042270531400968,0.025927584266578832,EO
sub-027,precuneus-rh,2,0.029287439613526572,0.025927584266578832,EO
sub-027,rostralmiddlefrontal-lh,3,0.015096618357487922,0.025927584266578832,EO
sub-027,rostralmiddlefrontal-rh,3,0.01558725845410628,0.025927584266578832,EO
sub-027,superiorfrontal-lh,3,0.018568840579710144,0.025927584266578832,EO
sub-027,superiorfrontal-rh,3,0.042157306763285024,0.025927584266578832,EO
sub-027,superiorparietal-lh,2,0.03279740338164251,0.025927584266578832,EO
sub-027,superiorparietal-rh,2,0.05461201690821256,0.025927584266578832,EO
sub-027,supramarginal-lh,2,0.021927838164251208,0.025927584266578832,EO
sub-027,supramarginal-rh,2,0.041779891304347824,0.025927584266578832,EO
sub-028,bankssts-lh,1,0.034056432038834954,0.04950128944174757,EO
sub-028,bankssts-rh,1,0.06788531553398058,0.04950128944174757,EO
sub-028,caudalmiddlefrontal-lh,3,0.10694781553398058,0.04950128944174757,EO
sub-028,caudalmiddlefrontal-rh,3,0.1286787014563107,0.04950128944174757,EO
sub-028,cuneus-lh,1,0.025712985436893203,0.04950128944174757,EO
sub-028,cuneus-rh,1,0.035800970873786406,0.04950128944174757,EO
sub-028,frontalpole-lh,3,0.008191747572815534,0.04950128944174757,EO
sub-028,frontalpole-rh,3,0.008002123786407767,0.04950128944174757,EO
sub-028,fusiform-lh,1,0.03265321601941747,0.04950128944174757,EO
sub-028,fusiform-rh,1,0.04080703883495146,0.04950128944174757,EO
sub-028,inferiorparietal-lh,2,0.13668082524271843,0.04950128944174757,EO
sub-028,inferiorparietal-rh,2,0.06928853155339806,0.04950128944174757,EO
sub-028,inferiortemporal-lh,1,0.029315837378640776,0.04950128944174757,EO
sub-028,inferiortemporal-rh,1,0.04554763349514563,0.04950128944174757,EO
sub-028,insula-lh,4,0.01994842233009709,0.04950128944174757,EO
sub-028,insula-rh,4,0.06375151699029126,0.04950128944174757,EO
sub-028,lateraloccipital-lh,1,0.09170206310679611,0.04950128944174757,EO
sub-028,lateraloccipital-rh,1,0.05768355582524272,0.04950128944174757,EO
sub-028,lingual-lh,1,0.040655339805825245,0.04950128944174757,EO
sub-028,lingual-rh,1,0.04585103155339806,0.04950128944174757,EO
sub-028,middletemporal-lh,1,0.024233919902912623,0.04950128944174757,EO
sub-028,middletemporal-rh,1,0.0546875,0.04950128944174757,EO
sub-028,parsopercularis-lh,3,0.03815230582524272,0.04950128944174757,EO
sub-028,parsopercularis-rh,3,0.11415351941747573,0.04950128944174757,EO
sub-028,parsorbitalis-lh,3,0.009519114077669902,0.04950128944174757,EO
sub-028,parsorbitalis-rh,3,0.008836468446601941,0.04950128944174757,EO
sub-028,parstriangularis-lh,3,0.02188258495145631,0.04950128944174757,EO
sub-028,parstriangularis-rh,3,0.0222997572815534,0.04950128944174757,EO
sub-028,pericalcarine-lh,1,0.05646996359223301,0.04950128944174757,EO
sub-028,pericalcarine-rh,1,0.06701304611650485,0.04950128944174757,EO
sub-028,posteriorcingulate-lh,2,0.01786256067961165,0.04950128944174757,EO
sub-028,posteriorcingulate-rh,2,0.020706917475728157,0.04950128944174757,EO
sub-028,precentral-lh,3,0.08510315533980582,0.04950128944174757,EO
sub-028,precentral-rh,3,0.055294296116504854,0.04950128944174757,EO
sub-028,precuneus-lh,2,0.04387894417475728,0.04950128944174757,EO
sub-028,precuneus-rh,2,0.0384936286407767,0.04950128944174757,EO
sub-028,rostralmiddlefrontal-lh,3,0.013197815533980582,0.04950128944174757,EO
sub-028,rostralmiddlefrontal-rh,3,0.012553094660194174,0.04950128944174757,EO
sub-028,superiorfrontal-lh,3,0.017445388349514562,0.04950128944174757,EO
sub-028,superiorfrontal-rh,3,0.07975576456310679,0.04950128944174757,EO
sub-028,superiorparietal-lh,2,0.07456007281553398,0.04950128944174757,EO
sub-028,superiorparietal-rh,2,0.08730279126213593,0.04950128944174757,EO
sub-028,supramarginal-lh,2,0.045282160194174755,0.04950128944174757,EO
sub-028,supramarginal-rh,2,0.08021086165048544,0.04950128944174757,EO
sub-029,bankssts-lh,1,0.021709735576923076,0.020882559822989512,EO
sub-029,bankssts-rh,1,0.02039513221153846,0.020882559822989512,EO
sub-029,caudalmiddlefrontal-lh,3,0.040677584134615384,0.020882559822989512,EO
sub-029,caudalmiddlefrontal-rh,3,0.020207331730769232,0.020882559822989512,EO
sub-029,cuneus-lh,1,0.015775240384615384,0.020882559822989512,EO
sub-029,cuneus-rh,1,0.015662560096153848,0.020882559822989512,EO
sub-029,frontalpole-lh,3,0.035719651442307696,0.020882559822989512,EO
sub-029,frontalpole-rh,3,0.033090444711538464,0.020882559822989512,EO
sub-029,fusiform-lh,1,0.016150841346153848,0.020882559822989512,EO
sub-029,fusiform-rh,1,0.015662560096153848,0.020882559822989512,EO
sub-029,inferiorparietal-lh,2,0.017240084134615384,0.020882559822989512,EO
sub-029,inferiorparietal-rh,2,0.016338641826923076,0.020882559822989512,EO
sub-029,inferiortemporal-lh,1,0.016639122596153848,0.020882559822989512,EO
sub-029,inferiortemporal-rh,1,0.016789362980769232,0.020882559822989512,EO
sub-029,insula-lh,4,0.019118088942307692,0.020882559822989512,EO
sub-029,insula-rh,4,0.019719050480769232,0.020882559822989512,EO
sub-029,lateraloccipital-lh,1,0.016075721153846152,0.020882559822989512,EO
sub-029,lateraloccipital-rh,1,0.015662560096153848,0.020882559822989512,EO
sub-029,lingual-lh,1,0.017503004807692308,0.020882559822989512,EO
sub-029,lingual-rh,1,0.016075721153846152,0.020882559822989512,EO
sub-029,middletemporal-lh,1,0.023099459134615384,0.020882559822989512,EO
sub-029,middletemporal-rh,1,0.018254206730769232,0.020882559822989512,EO
sub-029,parsopercularis-lh,3,0.03688401442307692,0.020882559822989512,EO
sub-029,parsopercularis-rh,3,0.025353064903846152,0.020882559822989512,EO
sub-029,parsorbitalis-lh,3,0.03294020432692308,0.020882559822989512,EO
sub-029,parsorbitalis-rh,3,0.02197265625,0.020882559822989512,EO
sub-029,parstriangularis-lh,3,0.03541917067307692,0.020882559822989512,EO
sub-029,parstriangularis-rh,3,0.021634615384615384,0.020882559822989512,EO
sub-029,pericalcarine-lh,1,0.01600060096153846,0.020882559822989512,EO
sub-029,pericalcarine-rh,1,0.015700120192307692,0.020882559822989512,EO
sub-029,posteriorcingulate-lh,2,0.01648888221153846,0.020882559822989512,EO
sub-029,posteriorcingulate-rh,2,0.015662560096153848,0.020882559822989512,EO
sub-029,precentral-lh,3,0.01893028846153846,0.020882559822989512,EO
sub-029,precentral-rh,3,0.016301081730769232,0.020882559822989512,EO
sub-029,precuneus-lh,2,0.016902043269230768,0.020882559822989512,EO
sub-029,precuneus-rh,2,0.016639122596153848,0.020882559822989512,EO
sub-029,rostralmiddlefrontal-lh,3,0.021747295673076924,0.020882559822989512,EO
sub-029,rostralmiddlefrontal-rh,3,0.018592247596153848,0.020882559822989512,EO
sub-029,superiorfrontal-lh,3,0.021221454326923076,0.020882559822989512,EO
sub-029,superiorfrontal-rh,3,0.019268329326923076,0.020882559822989512,EO
sub-029,superiorparietal-lh,2,0.01671424278846154,0.020882559822989512,EO
sub-029,superiorparietal-rh,2,0.01600060096153846,0.020882559822989512,EO
sub-029,supramarginal-lh,2,0.024000901442307692,0.020882559822989512,EO
sub-029,supramarginal-rh,2,0.026893028846153848,0.020882559822989512,EO
